2026-02-03 16:54:08.744 [main] ERROR org.springframework.boot.SpringApplication - Application run failed
org.springframework.beans.factory.UnsatisfiedDependencyException: Error creating bean with name 'userController': Unsatisfied dependency expressed through field 'userService': Error creating bean with name 'userServiceImpl': Unsatisfied dependency expressed through field 'baseMapper': Error creating bean with name 'userMapper' defined in file [H:\code\ideacode\fgs2026-01-24-service\target\classes\com\example\computerassociation\mapper\UserMapper.class]: Unsatisfied dependency expressed through bean property 'sqlSessionTemplate': Error creating bean with name 'dataSourceScriptDatabaseInitializer' defined in class path resource [org/springframework/boot/autoconfigure/sql/init/DataSourceInitializationConfiguration.class]: Unable to load resources from classpath:sql/*.sql
	at org.springframework.beans.factory.annotation.AutowiredAnnotationBeanPostProcessor$AutowiredFieldElement.resolveFieldValue(AutowiredAnnotationBeanPostProcessor.java:787)
	at org.springframework.beans.factory.annotation.AutowiredAnnotationBeanPostProcessor$AutowiredFieldElement.inject(AutowiredAnnotationBeanPostProcessor.java:767)
	at org.springframework.beans.factory.annotation.InjectionMetadata.inject(InjectionMetadata.java:146)
	at org.springframework.beans.factory.annotation.AutowiredAnnotationBeanPostProcessor.postProcessProperties(AutowiredAnnotationBeanPostProcessor.java:509)
	at org.springframework.beans.factory.support.AbstractAutowireCapableBeanFactory.populateBean(AbstractAutowireCapableBeanFactory.java:1459)
	at org.springframework.beans.factory.support.AbstractAutowireCapableBeanFactory.doCreateBean(AbstractAutowireCapableBeanFactory.java:606)
	at org.springframework.beans.factory.support.AbstractAutowireCapableBeanFactory.createBean(AbstractAutowireCapableBeanFactory.java:529)
	at org.springframework.beans.factory.support.AbstractBeanFactory.lambda$doGetBean$0(AbstractBeanFactory.java:339)
	at org.springframework.beans.factory.support.DefaultSingletonBeanRegistry.getSingleton(DefaultSingletonBeanRegistry.java:373)
	at org.springframework.beans.factory.support.AbstractBeanFactory.doGetBean(AbstractBeanFactory.java:337)
	at org.springframework.beans.factory.support.AbstractBeanFactory.getBean(AbstractBeanFactory.java:202)
	at org.springframework.beans.factory.support.DefaultListableBeanFactory.instantiateSingleton(DefaultListableBeanFactory.java:1228)
	at org.springframework.beans.factory.support.DefaultListableBeanFactory.preInstantiateSingleton(DefaultListableBeanFactory.java:1194)
	at org.springframework.beans.factory.support.DefaultListableBeanFactory.preInstantiateSingletons(DefaultListableBeanFactory.java:1130)
	at org.springframework.context.support.AbstractApplicationContext.finishBeanFactoryInitialization(AbstractApplicationContext.java:990)
	at org.springframework.context.support.AbstractApplicationContext.refresh(AbstractApplicationContext.java:627)
	at org.springframework.boot.web.servlet.context.ServletWebServerApplicationContext.refresh(ServletWebServerApplicationContext.java:146)
	at org.springframework.boot.SpringApplication.refresh(SpringApplication.java:752)
	at org.springframework.boot.SpringApplication.refreshContext(SpringApplication.java:439)
	at org.springframework.boot.SpringApplication.run(SpringApplication.java:318)
	at org.springframework.boot.SpringApplication.run(SpringApplication.java:1361)
	at org.springframework.boot.SpringApplication.run(SpringApplication.java:1350)
	at com.example.computerassociation.ComputerAssociationApplication.main(ComputerAssociationApplication.java:13)
Caused by: org.springframework.beans.factory.UnsatisfiedDependencyException: Error creating bean with name 'userServiceImpl': Unsatisfied dependency expressed through field 'baseMapper': Error creating bean with name 'userMapper' defined in file [H:\code\ideacode\fgs2026-01-24-service\target\classes\com\example\computerassociation\mapper\UserMapper.class]: Unsatisfied dependency expressed through bean property 'sqlSessionTemplate': Error creating bean with name 'dataSourceScriptDatabaseInitializer' defined in class path resource [org/springframework/boot/autoconfigure/sql/init/DataSourceInitializationConfiguration.class]: Unable to load resources from classpath:sql/*.sql
	at org.springframework.beans.factory.annotation.AutowiredAnnotationBeanPostProcessor$AutowiredFieldElement.resolveFieldValue(AutowiredAnnotationBeanPostProcessor.java:787)
	at org.springframework.beans.factory.annotation.AutowiredAnnotationBeanPostProcessor$AutowiredFieldElement.inject(AutowiredAnnotationBeanPostProcessor.java:767)
	at org.springframework.beans.factory.annotation.InjectionMetadata.inject(InjectionMetadata.java:146)
	at org.springframework.beans.factory.annotation.AutowiredAnnotationBeanPostProcessor.postProcessProperties(AutowiredAnnotationBeanPostProcessor.java:509)
	at org.springframework.beans.factory.support.AbstractAutowireCapableBeanFactory.populateBean(AbstractAutowireCapableBeanFactory.java:1459)
	at org.springframework.beans.factory.support.AbstractAutowireCapableBeanFactory.doCreateBean(AbstractAutowireCapableBeanFactory.java:606)
	at org.springframework.beans.factory.support.AbstractAutowireCapableBeanFactory.createBean(AbstractAutowireCapableBeanFactory.java:529)
	at org.springframework.beans.factory.support.AbstractBeanFactory.lambda$doGetBean$0(AbstractBeanFactory.java:339)
	at org.springframework.beans.factory.support.DefaultSingletonBeanRegistry.getSingleton(DefaultSingletonBeanRegistry.java:373)
	at org.springframework.beans.factory.support.AbstractBeanFactory.doGetBean(AbstractBeanFactory.java:337)
	at org.springframework.beans.factory.support.AbstractBeanFactory.getBean(AbstractBeanFactory.java:202)
	at org.springframework.beans.factory.config.DependencyDescriptor.resolveCandidate(DependencyDescriptor.java:254)
	at org.springframework.beans.factory.support.DefaultListableBeanFactory.doResolveDependency(DefaultListableBeanFactory.java:1770)
	at org.springframework.beans.factory.support.DefaultListableBeanFactory.resolveDependency(DefaultListableBeanFactory.java:1653)
	at org.springframework.beans.factory.annotation.AutowiredAnnotationBeanPostProcessor$AutowiredFieldElement.resolveFieldValue(AutowiredAnnotationBeanPostProcessor.java:784)
	... 22 common frames omitted
Caused by: org.springframework.beans.factory.UnsatisfiedDependencyException: Error creating bean with name 'userMapper' defined in file [H:\code\ideacode\fgs2026-01-24-service\target\classes\com\example\computerassociation\mapper\UserMapper.class]: Unsatisfied dependency expressed through bean property 'sqlSessionTemplate': Error creating bean with name 'dataSourceScriptDatabaseInitializer' defined in class path resource [org/springframework/boot/autoconfigure/sql/init/DataSourceInitializationConfiguration.class]: Unable to load resources from classpath:sql/*.sql
	at org.springframework.beans.factory.support.AbstractAutowireCapableBeanFactory.autowireByType(AbstractAutowireCapableBeanFactory.java:1556)
	at org.springframework.beans.factory.support.AbstractAutowireCapableBeanFactory.populateBean(AbstractAutowireCapableBeanFactory.java:1450)
	at org.springframework.beans.factory.support.AbstractAutowireCapableBeanFactory.doCreateBean(AbstractAutowireCapableBeanFactory.java:606)
	at org.springframework.beans.factory.support.AbstractAutowireCapableBeanFactory.createBean(AbstractAutowireCapableBeanFactory.java:529)
	at org.springframework.beans.factory.support.AbstractBeanFactory.lambda$doGetBean$0(AbstractBeanFactory.java:339)
	at org.springframework.beans.factory.support.DefaultSingletonBeanRegistry.getSingleton(DefaultSingletonBeanRegistry.java:373)
	at org.springframework.beans.factory.support.AbstractBeanFactory.doGetBean(AbstractBeanFactory.java:337)
	at org.springframework.beans.factory.support.AbstractBeanFactory.getBean(AbstractBeanFactory.java:202)
	at org.springframework.beans.factory.config.DependencyDescriptor.resolveCandidate(DependencyDescriptor.java:254)
	at org.springframework.beans.factory.support.DefaultListableBeanFactory.doResolveDependency(DefaultListableBeanFactory.java:1770)
	at org.springframework.beans.factory.support.DefaultListableBeanFactory.resolveDependency(DefaultListableBeanFactory.java:1653)
	at org.springframework.beans.factory.annotation.AutowiredAnnotationBeanPostProcessor$AutowiredFieldElement.resolveFieldValue(AutowiredAnnotationBeanPostProcessor.java:784)
	... 36 common frames omitted
Caused by: org.springframework.beans.factory.BeanCreationException: Error creating bean with name 'dataSourceScriptDatabaseInitializer' defined in class path resource [org/springframework/boot/autoconfigure/sql/init/DataSourceInitializationConfiguration.class]: Unable to load resources from classpath:sql/*.sql
	at org.springframework.beans.factory.support.AbstractAutowireCapableBeanFactory.initializeBean(AbstractAutowireCapableBeanFactory.java:1826)
	at org.springframework.beans.factory.support.AbstractAutowireCapableBeanFactory.doCreateBean(AbstractAutowireCapableBeanFactory.java:607)
	at org.springframework.beans.factory.support.AbstractAutowireCapableBeanFactory.createBean(AbstractAutowireCapableBeanFactory.java:529)
	at org.springframework.beans.factory.support.AbstractBeanFactory.lambda$doGetBean$0(AbstractBeanFactory.java:339)
	at org.springframework.beans.factory.support.DefaultSingletonBeanRegistry.getSingleton(DefaultSingletonBeanRegistry.java:373)
	at org.springframework.beans.factory.support.AbstractBeanFactory.doGetBean(AbstractBeanFactory.java:337)
	at org.springframework.beans.factory.support.AbstractBeanFactory.getBean(AbstractBeanFactory.java:202)
	at org.springframework.beans.factory.support.AbstractBeanFactory.doGetBean(AbstractBeanFactory.java:315)
	at org.springframework.beans.factory.support.AbstractBeanFactory.getBean(AbstractBeanFactory.java:202)
	at org.springframework.beans.factory.config.DependencyDescriptor.resolveCandidate(DependencyDescriptor.java:254)
	at org.springframework.beans.factory.support.DefaultListableBeanFactory.doResolveDependency(DefaultListableBeanFactory.java:1770)
	at org.springframework.beans.factory.support.DefaultListableBeanFactory.resolveDependency(DefaultListableBeanFactory.java:1653)
	at org.springframework.beans.factory.support.AbstractAutowireCapableBeanFactory.autowireByType(AbstractAutowireCapableBeanFactory.java:1541)
	... 47 common frames omitted
Caused by: java.lang.IllegalStateException: Unable to load resources from classpath:sql/*.sql
	at org.springframework.boot.sql.init.AbstractScriptDatabaseInitializer.doGetResources(AbstractScriptDatabaseInitializer.java:141)
	at org.springframework.boot.sql.init.AbstractScriptDatabaseInitializer.getScripts(AbstractScriptDatabaseInitializer.java:124)
	at org.springframework.boot.sql.init.AbstractScriptDatabaseInitializer.applyScripts(AbstractScriptDatabaseInitializer.java:106)
	at org.springframework.boot.sql.init.AbstractScriptDatabaseInitializer.applySchemaScripts(AbstractScriptDatabaseInitializer.java:98)
	at org.springframework.boot.sql.init.AbstractScriptDatabaseInitializer.initializeDatabase(AbstractScriptDatabaseInitializer.java:76)
	at org.springframework.boot.sql.init.AbstractScriptDatabaseInitializer.afterPropertiesSet(AbstractScriptDatabaseInitializer.java:66)
	at org.springframework.beans.factory.support.AbstractAutowireCapableBeanFactory.invokeInitMethods(AbstractAutowireCapableBeanFactory.java:1873)
	at org.springframework.beans.factory.support.AbstractAutowireCapableBeanFactory.initializeBean(AbstractAutowireCapableBeanFactory.java:1822)
	... 59 common frames omitted
Caused by: java.io.FileNotFoundException: class path resource [sql/] cannot be resolved to URL because it does not exist
	at org.springframework.core.io.ClassPathResource.getURL(ClassPathResource.java:230)
	at org.springframework.core.io.support.PathMatchingResourcePatternResolver.findPathMatchingResources(PathMatchingResourcePatternResolver.java:765)
	at org.springframework.core.io.support.PathMatchingResourcePatternResolver.getResources(PathMatchingResourcePatternResolver.java:393)
	at org.springframework.context.support.AbstractApplicationContext.getResources(AbstractApplicationContext.java:1552)
	at org.springframework.context.support.GenericApplicationContext.getResources(GenericApplicationContext.java:260)
	at org.springframework.boot.sql.init.AbstractScriptDatabaseInitializer$ScriptLocationResolver.resolve(AbstractScriptDatabaseInitializer.java:168)
	at org.springframework.boot.sql.init.AbstractScriptDatabaseInitializer.doGetResources(AbstractScriptDatabaseInitializer.java:138)
	... 66 common frames omitted
2026-02-06 00:49:52.374 [main] ERROR org.springframework.boot.SpringApplication - Application run failed
org.springframework.beans.factory.UnsatisfiedDependencyException: Error creating bean with name 'userController': Unsatisfied dependency expressed through field 'userService': Error creating bean with name 'userServiceImpl': Unsatisfied dependency expressed through field 'baseMapper': Error creating bean with name 'userMapper' defined in file [C:\Users\18065\Downloads\fgs2026-01-24-service\target\classes\com\example\computerassociation\mapper\UserMapper.class]: Unsatisfied dependency expressed through bean property 'sqlSessionTemplate': Error creating bean with name 'liquibase' defined in class path resource [org/springframework/boot/autoconfigure/liquibase/LiquibaseAutoConfiguration$LiquibaseConfiguration.class]: liquibase.exception.CommandExecutionException: liquibase.exception.ChangeLogParseException: ERROR: The file 'classpath:db/changelog/db.changelog-master.xml' was not found.
The file property cannot be configured with a fully qualified path, but must be a relative path on the property,
and any local or remote base of the path set on the search path.
	at org.springframework.beans.factory.annotation.AutowiredAnnotationBeanPostProcessor$AutowiredFieldElement.resolveFieldValue(AutowiredAnnotationBeanPostProcessor.java:787)
	at org.springframework.beans.factory.annotation.AutowiredAnnotationBeanPostProcessor$AutowiredFieldElement.inject(AutowiredAnnotationBeanPostProcessor.java:767)
	at org.springframework.beans.factory.annotation.InjectionMetadata.inject(InjectionMetadata.java:146)
	at org.springframework.beans.factory.annotation.AutowiredAnnotationBeanPostProcessor.postProcessProperties(AutowiredAnnotationBeanPostProcessor.java:509)
	at org.springframework.beans.factory.support.AbstractAutowireCapableBeanFactory.populateBean(AbstractAutowireCapableBeanFactory.java:1459)
	at org.springframework.beans.factory.support.AbstractAutowireCapableBeanFactory.doCreateBean(AbstractAutowireCapableBeanFactory.java:606)
	at org.springframework.beans.factory.support.AbstractAutowireCapableBeanFactory.createBean(AbstractAutowireCapableBeanFactory.java:529)
	at org.springframework.beans.factory.support.AbstractBeanFactory.lambda$doGetBean$0(AbstractBeanFactory.java:339)
	at org.springframework.beans.factory.support.DefaultSingletonBeanRegistry.getSingleton(DefaultSingletonBeanRegistry.java:373)
	at org.springframework.beans.factory.support.AbstractBeanFactory.doGetBean(AbstractBeanFactory.java:337)
	at org.springframework.beans.factory.support.AbstractBeanFactory.getBean(AbstractBeanFactory.java:202)
	at org.springframework.beans.factory.support.DefaultListableBeanFactory.instantiateSingleton(DefaultListableBeanFactory.java:1228)
	at org.springframework.beans.factory.support.DefaultListableBeanFactory.preInstantiateSingleton(DefaultListableBeanFactory.java:1194)
	at org.springframework.beans.factory.support.DefaultListableBeanFactory.preInstantiateSingletons(DefaultListableBeanFactory.java:1130)
	at org.springframework.context.support.AbstractApplicationContext.finishBeanFactoryInitialization(AbstractApplicationContext.java:990)
	at org.springframework.context.support.AbstractApplicationContext.refresh(AbstractApplicationContext.java:627)
	at org.springframework.boot.web.servlet.context.ServletWebServerApplicationContext.refresh(ServletWebServerApplicationContext.java:146)
	at org.springframework.boot.SpringApplication.refresh(SpringApplication.java:752)
	at org.springframework.boot.SpringApplication.refreshContext(SpringApplication.java:439)
	at org.springframework.boot.SpringApplication.run(SpringApplication.java:318)
	at org.springframework.boot.SpringApplication.run(SpringApplication.java:1361)
	at org.springframework.boot.SpringApplication.run(SpringApplication.java:1350)
	at com.example.computerassociation.ComputerAssociationApplication.main(ComputerAssociationApplication.java:13)
Caused by: org.springframework.beans.factory.UnsatisfiedDependencyException: Error creating bean with name 'userServiceImpl': Unsatisfied dependency expressed through field 'baseMapper': Error creating bean with name 'userMapper' defined in file [C:\Users\18065\Downloads\fgs2026-01-24-service\target\classes\com\example\computerassociation\mapper\UserMapper.class]: Unsatisfied dependency expressed through bean property 'sqlSessionTemplate': Error creating bean with name 'liquibase' defined in class path resource [org/springframework/boot/autoconfigure/liquibase/LiquibaseAutoConfiguration$LiquibaseConfiguration.class]: liquibase.exception.CommandExecutionException: liquibase.exception.ChangeLogParseException: ERROR: The file 'classpath:db/changelog/db.changelog-master.xml' was not found.
The file property cannot be configured with a fully qualified path, but must be a relative path on the property,
and any local or remote base of the path set on the search path.
	at org.springframework.beans.factory.annotation.AutowiredAnnotationBeanPostProcessor$AutowiredFieldElement.resolveFieldValue(AutowiredAnnotationBeanPostProcessor.java:787)
	at org.springframework.beans.factory.annotation.AutowiredAnnotationBeanPostProcessor$AutowiredFieldElement.inject(AutowiredAnnotationBeanPostProcessor.java:767)
	at org.springframework.beans.factory.annotation.InjectionMetadata.inject(InjectionMetadata.java:146)
	at org.springframework.beans.factory.annotation.AutowiredAnnotationBeanPostProcessor.postProcessProperties(AutowiredAnnotationBeanPostProcessor.java:509)
	at org.springframework.beans.factory.support.AbstractAutowireCapableBeanFactory.populateBean(AbstractAutowireCapableBeanFactory.java:1459)
	at org.springframework.beans.factory.support.AbstractAutowireCapableBeanFactory.doCreateBean(AbstractAutowireCapableBeanFactory.java:606)
	at org.springframework.beans.factory.support.AbstractAutowireCapableBeanFactory.createBean(AbstractAutowireCapableBeanFactory.java:529)
	at org.springframework.beans.factory.support.AbstractBeanFactory.lambda$doGetBean$0(AbstractBeanFactory.java:339)
	at org.springframework.beans.factory.support.DefaultSingletonBeanRegistry.getSingleton(DefaultSingletonBeanRegistry.java:373)
	at org.springframework.beans.factory.support.AbstractBeanFactory.doGetBean(AbstractBeanFactory.java:337)
	at org.springframework.beans.factory.support.AbstractBeanFactory.getBean(AbstractBeanFactory.java:202)
	at org.springframework.beans.factory.config.DependencyDescriptor.resolveCandidate(DependencyDescriptor.java:254)
	at org.springframework.beans.factory.support.DefaultListableBeanFactory.doResolveDependency(DefaultListableBeanFactory.java:1770)
	at org.springframework.beans.factory.support.DefaultListableBeanFactory.resolveDependency(DefaultListableBeanFactory.java:1653)
	at org.springframework.beans.factory.annotation.AutowiredAnnotationBeanPostProcessor$AutowiredFieldElement.resolveFieldValue(AutowiredAnnotationBeanPostProcessor.java:784)
	... 22 common frames omitted
Caused by: org.springframework.beans.factory.UnsatisfiedDependencyException: Error creating bean with name 'userMapper' defined in file [C:\Users\18065\Downloads\fgs2026-01-24-service\target\classes\com\example\computerassociation\mapper\UserMapper.class]: Unsatisfied dependency expressed through bean property 'sqlSessionTemplate': Error creating bean with name 'liquibase' defined in class path resource [org/springframework/boot/autoconfigure/liquibase/LiquibaseAutoConfiguration$LiquibaseConfiguration.class]: liquibase.exception.CommandExecutionException: liquibase.exception.ChangeLogParseException: ERROR: The file 'classpath:db/changelog/db.changelog-master.xml' was not found.
The file property cannot be configured with a fully qualified path, but must be a relative path on the property,
and any local or remote base of the path set on the search path.
	at org.springframework.beans.factory.support.AbstractAutowireCapableBeanFactory.autowireByType(AbstractAutowireCapableBeanFactory.java:1556)
	at org.springframework.beans.factory.support.AbstractAutowireCapableBeanFactory.populateBean(AbstractAutowireCapableBeanFactory.java:1450)
	at org.springframework.beans.factory.support.AbstractAutowireCapableBeanFactory.doCreateBean(AbstractAutowireCapableBeanFactory.java:606)
	at org.springframework.beans.factory.support.AbstractAutowireCapableBeanFactory.createBean(AbstractAutowireCapableBeanFactory.java:529)
	at org.springframework.beans.factory.support.AbstractBeanFactory.lambda$doGetBean$0(AbstractBeanFactory.java:339)
	at org.springframework.beans.factory.support.DefaultSingletonBeanRegistry.getSingleton(DefaultSingletonBeanRegistry.java:373)
	at org.springframework.beans.factory.support.AbstractBeanFactory.doGetBean(AbstractBeanFactory.java:337)
	at org.springframework.beans.factory.support.AbstractBeanFactory.getBean(AbstractBeanFactory.java:202)
	at org.springframework.beans.factory.config.DependencyDescriptor.resolveCandidate(DependencyDescriptor.java:254)
	at org.springframework.beans.factory.support.DefaultListableBeanFactory.doResolveDependency(DefaultListableBeanFactory.java:1770)
	at org.springframework.beans.factory.support.DefaultListableBeanFactory.resolveDependency(DefaultListableBeanFactory.java:1653)
	at org.springframework.beans.factory.annotation.AutowiredAnnotationBeanPostProcessor$AutowiredFieldElement.resolveFieldValue(AutowiredAnnotationBeanPostProcessor.java:784)
	... 36 common frames omitted
Caused by: org.springframework.beans.factory.BeanCreationException: Error creating bean with name 'liquibase' defined in class path resource [org/springframework/boot/autoconfigure/liquibase/LiquibaseAutoConfiguration$LiquibaseConfiguration.class]: liquibase.exception.CommandExecutionException: liquibase.exception.ChangeLogParseException: ERROR: The file 'classpath:db/changelog/db.changelog-master.xml' was not found.
The file property cannot be configured with a fully qualified path, but must be a relative path on the property,
and any local or remote base of the path set on the search path.
	at org.springframework.beans.factory.support.AbstractAutowireCapableBeanFactory.initializeBean(AbstractAutowireCapableBeanFactory.java:1826)
	at org.springframework.beans.factory.support.AbstractAutowireCapableBeanFactory.doCreateBean(AbstractAutowireCapableBeanFactory.java:607)
	at org.springframework.beans.factory.support.AbstractAutowireCapableBeanFactory.createBean(AbstractAutowireCapableBeanFactory.java:529)
	at org.springframework.beans.factory.support.AbstractBeanFactory.lambda$doGetBean$0(AbstractBeanFactory.java:339)
	at org.springframework.beans.factory.support.DefaultSingletonBeanRegistry.getSingleton(DefaultSingletonBeanRegistry.java:373)
	at org.springframework.beans.factory.support.AbstractBeanFactory.doGetBean(AbstractBeanFactory.java:337)
	at org.springframework.beans.factory.support.AbstractBeanFactory.getBean(AbstractBeanFactory.java:202)
	at org.springframework.beans.factory.support.AbstractBeanFactory.doGetBean(AbstractBeanFactory.java:315)
	at org.springframework.beans.factory.support.AbstractBeanFactory.getBean(AbstractBeanFactory.java:202)
	at org.springframework.beans.factory.config.DependencyDescriptor.resolveCandidate(DependencyDescriptor.java:254)
	at org.springframework.beans.factory.support.DefaultListableBeanFactory.doResolveDependency(DefaultListableBeanFactory.java:1770)
	at org.springframework.beans.factory.support.DefaultListableBeanFactory.resolveDependency(DefaultListableBeanFactory.java:1653)
	at org.springframework.beans.factory.support.AbstractAutowireCapableBeanFactory.autowireByType(AbstractAutowireCapableBeanFactory.java:1541)
	... 47 common frames omitted
Caused by: liquibase.exception.LiquibaseException: liquibase.exception.CommandExecutionException: liquibase.exception.ChangeLogParseException: ERROR: The file 'classpath:db/changelog/db.changelog-master.xml' was not found.
The file property cannot be configured with a fully qualified path, but must be a relative path on the property,
and any local or remote base of the path set on the search path.
	at liquibase.integration.spring.SpringLiquibase.afterPropertiesSet(SpringLiquibase.java:288)
	at org.springframework.beans.factory.support.AbstractAutowireCapableBeanFactory.invokeInitMethods(AbstractAutowireCapableBeanFactory.java:1873)
	at org.springframework.beans.factory.support.AbstractAutowireCapableBeanFactory.initializeBean(AbstractAutowireCapableBeanFactory.java:1822)
	... 59 common frames omitted
Caused by: liquibase.exception.CommandExecutionException: liquibase.exception.ChangeLogParseException: ERROR: The file 'classpath:db/changelog/db.changelog-master.xml' was not found.
The file property cannot be configured with a fully qualified path, but must be a relative path on the property,
and any local or remote base of the path set on the search path.
	at liquibase.command.CommandScope.lambda$execute$6(CommandScope.java:300)
	at liquibase.Scope.child(Scope.java:210)
	at liquibase.Scope.child(Scope.java:186)
	at liquibase.command.CommandScope.execute(CommandScope.java:241)
	at liquibase.Liquibase.lambda$update$0(Liquibase.java:216)
	at liquibase.Scope.lambda$child$0(Scope.java:201)
	at liquibase.Scope.child(Scope.java:210)
	at liquibase.Scope.child(Scope.java:200)
	at liquibase.Scope.child(Scope.java:179)
	at liquibase.Liquibase.runInScope(Liquibase.java:1333)
	at liquibase.Liquibase.update(Liquibase.java:205)
	at liquibase.Liquibase.update(Liquibase.java:188)
	at liquibase.integration.spring.SpringLiquibase.performUpdate(SpringLiquibase.java:326)
	at liquibase.integration.spring.SpringLiquibase.lambda$afterPropertiesSet$0(SpringLiquibase.java:278)
	at liquibase.Scope.lambda$child$0(Scope.java:201)
	at liquibase.Scope.child(Scope.java:210)
	at liquibase.Scope.child(Scope.java:200)
	at liquibase.Scope.child(Scope.java:179)
	at liquibase.integration.spring.SpringLiquibase.afterPropertiesSet(SpringLiquibase.java:271)
	... 61 common frames omitted
Caused by: liquibase.exception.ChangeLogParseException: ERROR: The file 'classpath:db/changelog/db.changelog-master.xml' was not found.
The file property cannot be configured with a fully qualified path, but must be a relative path on the property,
and any local or remote base of the path set on the search path.
	at liquibase.parser.core.xml.XMLChangeLogSAXParser.parseToNode(XMLChangeLogSAXParser.java:117)
	at liquibase.parser.core.xml.AbstractChangeLogParser.parse(AbstractChangeLogParser.java:15)
	at liquibase.command.core.helpers.DatabaseChangelogCommandStep.lambda$getDatabaseChangeLog$0(DatabaseChangelogCommandStep.java:125)
	at liquibase.Scope.child(Scope.java:210)
	at liquibase.Scope.child(Scope.java:186)
	at liquibase.command.core.helpers.DatabaseChangelogCommandStep.getDatabaseChangeLog(DatabaseChangelogCommandStep.java:124)
	at liquibase.command.core.helpers.DatabaseChangelogCommandStep.run(DatabaseChangelogCommandStep.java:83)
	at liquibase.command.CommandScope.lambda$execute$6(CommandScope.java:253)
	... 79 common frames omitted
2026-02-06 00:53:06.486 [main] ERROR org.springframework.boot.SpringApplication - Application run failed
org.springframework.beans.factory.UnsatisfiedDependencyException: Error creating bean with name 'userController': Unsatisfied dependency expressed through field 'userService': Error creating bean with name 'userServiceImpl': Unsatisfied dependency expressed through field 'baseMapper': Error creating bean with name 'userMapper' defined in file [C:\Users\18065\Downloads\fgs2026-01-24-service\target\classes\com\example\computerassociation\mapper\UserMapper.class]: Unsatisfied dependency expressed through bean property 'sqlSessionTemplate': Error creating bean with name 'liquibase' defined in class path resource [org/springframework/boot/autoconfigure/liquibase/LiquibaseAutoConfiguration$LiquibaseConfiguration.class]: The file classpath:db/changelog/db.changelog-master.xml was not found in
    - Spring resources
Specifying files by absolute path was removed in Liquibase 4.0. Please use a relative path or add '/' to the classpath parameter.
	at org.springframework.beans.factory.annotation.AutowiredAnnotationBeanPostProcessor$AutowiredFieldElement.resolveFieldValue(AutowiredAnnotationBeanPostProcessor.java:787)
	at org.springframework.beans.factory.annotation.AutowiredAnnotationBeanPostProcessor$AutowiredFieldElement.inject(AutowiredAnnotationBeanPostProcessor.java:767)
	at org.springframework.beans.factory.annotation.InjectionMetadata.inject(InjectionMetadata.java:146)
	at org.springframework.beans.factory.annotation.AutowiredAnnotationBeanPostProcessor.postProcessProperties(AutowiredAnnotationBeanPostProcessor.java:509)
	at org.springframework.beans.factory.support.AbstractAutowireCapableBeanFactory.populateBean(AbstractAutowireCapableBeanFactory.java:1459)
	at org.springframework.beans.factory.support.AbstractAutowireCapableBeanFactory.doCreateBean(AbstractAutowireCapableBeanFactory.java:606)
	at org.springframework.beans.factory.support.AbstractAutowireCapableBeanFactory.createBean(AbstractAutowireCapableBeanFactory.java:529)
	at org.springframework.beans.factory.support.AbstractBeanFactory.lambda$doGetBean$0(AbstractBeanFactory.java:339)
	at org.springframework.beans.factory.support.DefaultSingletonBeanRegistry.getSingleton(DefaultSingletonBeanRegistry.java:373)
	at org.springframework.beans.factory.support.AbstractBeanFactory.doGetBean(AbstractBeanFactory.java:337)
	at org.springframework.beans.factory.support.AbstractBeanFactory.getBean(AbstractBeanFactory.java:202)
	at org.springframework.beans.factory.support.DefaultListableBeanFactory.instantiateSingleton(DefaultListableBeanFactory.java:1228)
	at org.springframework.beans.factory.support.DefaultListableBeanFactory.preInstantiateSingleton(DefaultListableBeanFactory.java:1194)
	at org.springframework.beans.factory.support.DefaultListableBeanFactory.preInstantiateSingletons(DefaultListableBeanFactory.java:1130)
	at org.springframework.context.support.AbstractApplicationContext.finishBeanFactoryInitialization(AbstractApplicationContext.java:990)
	at org.springframework.context.support.AbstractApplicationContext.refresh(AbstractApplicationContext.java:627)
	at org.springframework.boot.web.servlet.context.ServletWebServerApplicationContext.refresh(ServletWebServerApplicationContext.java:146)
	at org.springframework.boot.SpringApplication.refresh(SpringApplication.java:752)
	at org.springframework.boot.SpringApplication.refreshContext(SpringApplication.java:439)
	at org.springframework.boot.SpringApplication.run(SpringApplication.java:318)
	at org.springframework.boot.SpringApplication.run(SpringApplication.java:1361)
	at org.springframework.boot.SpringApplication.run(SpringApplication.java:1350)
	at com.example.computerassociation.ComputerAssociationApplication.main(ComputerAssociationApplication.java:13)
Caused by: org.springframework.beans.factory.UnsatisfiedDependencyException: Error creating bean with name 'userServiceImpl': Unsatisfied dependency expressed through field 'baseMapper': Error creating bean with name 'userMapper' defined in file [C:\Users\18065\Downloads\fgs2026-01-24-service\target\classes\com\example\computerassociation\mapper\UserMapper.class]: Unsatisfied dependency expressed through bean property 'sqlSessionTemplate': Error creating bean with name 'liquibase' defined in class path resource [org/springframework/boot/autoconfigure/liquibase/LiquibaseAutoConfiguration$LiquibaseConfiguration.class]: The file classpath:db/changelog/db.changelog-master.xml was not found in
    - Spring resources
Specifying files by absolute path was removed in Liquibase 4.0. Please use a relative path or add '/' to the classpath parameter.
	at org.springframework.beans.factory.annotation.AutowiredAnnotationBeanPostProcessor$AutowiredFieldElement.resolveFieldValue(AutowiredAnnotationBeanPostProcessor.java:787)
	at org.springframework.beans.factory.annotation.AutowiredAnnotationBeanPostProcessor$AutowiredFieldElement.inject(AutowiredAnnotationBeanPostProcessor.java:767)
	at org.springframework.beans.factory.annotation.InjectionMetadata.inject(InjectionMetadata.java:146)
	at org.springframework.beans.factory.annotation.AutowiredAnnotationBeanPostProcessor.postProcessProperties(AutowiredAnnotationBeanPostProcessor.java:509)
	at org.springframework.beans.factory.support.AbstractAutowireCapableBeanFactory.populateBean(AbstractAutowireCapableBeanFactory.java:1459)
	at org.springframework.beans.factory.support.AbstractAutowireCapableBeanFactory.doCreateBean(AbstractAutowireCapableBeanFactory.java:606)
	at org.springframework.beans.factory.support.AbstractAutowireCapableBeanFactory.createBean(AbstractAutowireCapableBeanFactory.java:529)
	at org.springframework.beans.factory.support.AbstractBeanFactory.lambda$doGetBean$0(AbstractBeanFactory.java:339)
	at org.springframework.beans.factory.support.DefaultSingletonBeanRegistry.getSingleton(DefaultSingletonBeanRegistry.java:373)
	at org.springframework.beans.factory.support.AbstractBeanFactory.doGetBean(AbstractBeanFactory.java:337)
	at org.springframework.beans.factory.support.AbstractBeanFactory.getBean(AbstractBeanFactory.java:202)
	at org.springframework.beans.factory.config.DependencyDescriptor.resolveCandidate(DependencyDescriptor.java:254)
	at org.springframework.beans.factory.support.DefaultListableBeanFactory.doResolveDependency(DefaultListableBeanFactory.java:1770)
	at org.springframework.beans.factory.support.DefaultListableBeanFactory.resolveDependency(DefaultListableBeanFactory.java:1653)
	at org.springframework.beans.factory.annotation.AutowiredAnnotationBeanPostProcessor$AutowiredFieldElement.resolveFieldValue(AutowiredAnnotationBeanPostProcessor.java:784)
	... 22 common frames omitted
Caused by: org.springframework.beans.factory.UnsatisfiedDependencyException: Error creating bean with name 'userMapper' defined in file [C:\Users\18065\Downloads\fgs2026-01-24-service\target\classes\com\example\computerassociation\mapper\UserMapper.class]: Unsatisfied dependency expressed through bean property 'sqlSessionTemplate': Error creating bean with name 'liquibase' defined in class path resource [org/springframework/boot/autoconfigure/liquibase/LiquibaseAutoConfiguration$LiquibaseConfiguration.class]: The file classpath:db/changelog/db.changelog-master.xml was not found in
    - Spring resources
Specifying files by absolute path was removed in Liquibase 4.0. Please use a relative path or add '/' to the classpath parameter.
	at org.springframework.beans.factory.support.AbstractAutowireCapableBeanFactory.autowireByType(AbstractAutowireCapableBeanFactory.java:1556)
	at org.springframework.beans.factory.support.AbstractAutowireCapableBeanFactory.populateBean(AbstractAutowireCapableBeanFactory.java:1450)
	at org.springframework.beans.factory.support.AbstractAutowireCapableBeanFactory.doCreateBean(AbstractAutowireCapableBeanFactory.java:606)
	at org.springframework.beans.factory.support.AbstractAutowireCapableBeanFactory.createBean(AbstractAutowireCapableBeanFactory.java:529)
	at org.springframework.beans.factory.support.AbstractBeanFactory.lambda$doGetBean$0(AbstractBeanFactory.java:339)
	at org.springframework.beans.factory.support.DefaultSingletonBeanRegistry.getSingleton(DefaultSingletonBeanRegistry.java:373)
	at org.springframework.beans.factory.support.AbstractBeanFactory.doGetBean(AbstractBeanFactory.java:337)
	at org.springframework.beans.factory.support.AbstractBeanFactory.getBean(AbstractBeanFactory.java:202)
	at org.springframework.beans.factory.config.DependencyDescriptor.resolveCandidate(DependencyDescriptor.java:254)
	at org.springframework.beans.factory.support.DefaultListableBeanFactory.doResolveDependency(DefaultListableBeanFactory.java:1770)
	at org.springframework.beans.factory.support.DefaultListableBeanFactory.resolveDependency(DefaultListableBeanFactory.java:1653)
	at org.springframework.beans.factory.annotation.AutowiredAnnotationBeanPostProcessor$AutowiredFieldElement.resolveFieldValue(AutowiredAnnotationBeanPostProcessor.java:784)
	... 36 common frames omitted
Caused by: org.springframework.beans.factory.BeanCreationException: Error creating bean with name 'liquibase' defined in class path resource [org/springframework/boot/autoconfigure/liquibase/LiquibaseAutoConfiguration$LiquibaseConfiguration.class]: The file classpath:db/changelog/db.changelog-master.xml was not found in
    - Spring resources
Specifying files by absolute path was removed in Liquibase 4.0. Please use a relative path or add '/' to the classpath parameter.
	at org.springframework.beans.factory.support.AbstractAutowireCapableBeanFactory.initializeBean(AbstractAutowireCapableBeanFactory.java:1826)
	at org.springframework.beans.factory.support.AbstractAutowireCapableBeanFactory.doCreateBean(AbstractAutowireCapableBeanFactory.java:607)
	at org.springframework.beans.factory.support.AbstractAutowireCapableBeanFactory.createBean(AbstractAutowireCapableBeanFactory.java:529)
	at org.springframework.beans.factory.support.AbstractBeanFactory.lambda$doGetBean$0(AbstractBeanFactory.java:339)
	at org.springframework.beans.factory.support.DefaultSingletonBeanRegistry.getSingleton(DefaultSingletonBeanRegistry.java:373)
	at org.springframework.beans.factory.support.AbstractBeanFactory.doGetBean(AbstractBeanFactory.java:337)
	at org.springframework.beans.factory.support.AbstractBeanFactory.getBean(AbstractBeanFactory.java:202)
	at org.springframework.beans.factory.support.AbstractBeanFactory.doGetBean(AbstractBeanFactory.java:315)
	at org.springframework.beans.factory.support.AbstractBeanFactory.getBean(AbstractBeanFactory.java:202)
	at org.springframework.beans.factory.config.DependencyDescriptor.resolveCandidate(DependencyDescriptor.java:254)
	at org.springframework.beans.factory.support.DefaultListableBeanFactory.doResolveDependency(DefaultListableBeanFactory.java:1770)
	at org.springframework.beans.factory.support.DefaultListableBeanFactory.resolveDependency(DefaultListableBeanFactory.java:1653)
	at org.springframework.beans.factory.support.AbstractAutowireCapableBeanFactory.autowireByType(AbstractAutowireCapableBeanFactory.java:1541)
	... 47 common frames omitted
Caused by: liquibase.exception.ChangeLogParseException: The file classpath:db/changelog/db.changelog-master.xml was not found in
    - Spring resources
Specifying files by absolute path was removed in Liquibase 4.0. Please use a relative path or add '/' to the classpath parameter.
	at liquibase.parser.core.xml.XMLChangeLogSAXParser.parseToNode(XMLChangeLogSAXParser.java:99)
	at liquibase.parser.core.xml.AbstractChangeLogParser.parse(AbstractChangeLogParser.java:15)
	at liquibase.Liquibase.getDatabaseChangeLog(Liquibase.java:369)
	at liquibase.Liquibase.lambda$update$1(Liquibase.java:224)
	at liquibase.Scope.lambda$child$0(Scope.java:180)
	at liquibase.Scope.child(Scope.java:189)
	at liquibase.Scope.child(Scope.java:179)
	at liquibase.Scope.child(Scope.java:158)
	at liquibase.Liquibase.runInScope(Liquibase.java:2405)
	at liquibase.Liquibase.update(Liquibase.java:211)
	at liquibase.Liquibase.update(Liquibase.java:197)
	at liquibase.integration.spring.SpringLiquibase.performUpdate(SpringLiquibase.java:314)
	at liquibase.integration.spring.SpringLiquibase.afterPropertiesSet(SpringLiquibase.java:269)
	at org.springframework.beans.factory.support.AbstractAutowireCapableBeanFactory.invokeInitMethods(AbstractAutowireCapableBeanFactory.java:1873)
	at org.springframework.beans.factory.support.AbstractAutowireCapableBeanFactory.initializeBean(AbstractAutowireCapableBeanFactory.java:1822)
	... 59 common frames omitted
2026-02-06 00:53:33.707 [main] ERROR org.springframework.boot.SpringApplication - Application run failed
org.springframework.beans.factory.UnsatisfiedDependencyException: Error creating bean with name 'userController': Unsatisfied dependency expressed through field 'userService': Error creating bean with name 'userServiceImpl': Unsatisfied dependency expressed through field 'baseMapper': Error creating bean with name 'userMapper' defined in file [C:\Users\18065\Downloads\fgs2026-01-24-service\target\classes\com\example\computerassociation\mapper\UserMapper.class]: Unsatisfied dependency expressed through bean property 'sqlSessionTemplate': Error creating bean with name 'liquibase' defined in class path resource [org/springframework/boot/autoconfigure/liquibase/LiquibaseAutoConfiguration$LiquibaseConfiguration.class]: The file classpath:db/changelog/db.changelog-master.xml was not found in
    - Spring resources
Specifying files by absolute path was removed in Liquibase 4.0. Please use a relative path or add '/' to the classpath parameter.
	at org.springframework.beans.factory.annotation.AutowiredAnnotationBeanPostProcessor$AutowiredFieldElement.resolveFieldValue(AutowiredAnnotationBeanPostProcessor.java:787)
	at org.springframework.beans.factory.annotation.AutowiredAnnotationBeanPostProcessor$AutowiredFieldElement.inject(AutowiredAnnotationBeanPostProcessor.java:767)
	at org.springframework.beans.factory.annotation.InjectionMetadata.inject(InjectionMetadata.java:146)
	at org.springframework.beans.factory.annotation.AutowiredAnnotationBeanPostProcessor.postProcessProperties(AutowiredAnnotationBeanPostProcessor.java:509)
	at org.springframework.beans.factory.support.AbstractAutowireCapableBeanFactory.populateBean(AbstractAutowireCapableBeanFactory.java:1459)
	at org.springframework.beans.factory.support.AbstractAutowireCapableBeanFactory.doCreateBean(AbstractAutowireCapableBeanFactory.java:606)
	at org.springframework.beans.factory.support.AbstractAutowireCapableBeanFactory.createBean(AbstractAutowireCapableBeanFactory.java:529)
	at org.springframework.beans.factory.support.AbstractBeanFactory.lambda$doGetBean$0(AbstractBeanFactory.java:339)
	at org.springframework.beans.factory.support.DefaultSingletonBeanRegistry.getSingleton(DefaultSingletonBeanRegistry.java:373)
	at org.springframework.beans.factory.support.AbstractBeanFactory.doGetBean(AbstractBeanFactory.java:337)
	at org.springframework.beans.factory.support.AbstractBeanFactory.getBean(AbstractBeanFactory.java:202)
	at org.springframework.beans.factory.support.DefaultListableBeanFactory.instantiateSingleton(DefaultListableBeanFactory.java:1228)
	at org.springframework.beans.factory.support.DefaultListableBeanFactory.preInstantiateSingleton(DefaultListableBeanFactory.java:1194)
	at org.springframework.beans.factory.support.DefaultListableBeanFactory.preInstantiateSingletons(DefaultListableBeanFactory.java:1130)
	at org.springframework.context.support.AbstractApplicationContext.finishBeanFactoryInitialization(AbstractApplicationContext.java:990)
	at org.springframework.context.support.AbstractApplicationContext.refresh(AbstractApplicationContext.java:627)
	at org.springframework.boot.web.servlet.context.ServletWebServerApplicationContext.refresh(ServletWebServerApplicationContext.java:146)
	at org.springframework.boot.SpringApplication.refresh(SpringApplication.java:752)
	at org.springframework.boot.SpringApplication.refreshContext(SpringApplication.java:439)
	at org.springframework.boot.SpringApplication.run(SpringApplication.java:318)
	at org.springframework.boot.SpringApplication.run(SpringApplication.java:1361)
	at org.springframework.boot.SpringApplication.run(SpringApplication.java:1350)
	at com.example.computerassociation.ComputerAssociationApplication.main(ComputerAssociationApplication.java:13)
Caused by: org.springframework.beans.factory.UnsatisfiedDependencyException: Error creating bean with name 'userServiceImpl': Unsatisfied dependency expressed through field 'baseMapper': Error creating bean with name 'userMapper' defined in file [C:\Users\18065\Downloads\fgs2026-01-24-service\target\classes\com\example\computerassociation\mapper\UserMapper.class]: Unsatisfied dependency expressed through bean property 'sqlSessionTemplate': Error creating bean with name 'liquibase' defined in class path resource [org/springframework/boot/autoconfigure/liquibase/LiquibaseAutoConfiguration$LiquibaseConfiguration.class]: The file classpath:db/changelog/db.changelog-master.xml was not found in
    - Spring resources
Specifying files by absolute path was removed in Liquibase 4.0. Please use a relative path or add '/' to the classpath parameter.
	at org.springframework.beans.factory.annotation.AutowiredAnnotationBeanPostProcessor$AutowiredFieldElement.resolveFieldValue(AutowiredAnnotationBeanPostProcessor.java:787)
	at org.springframework.beans.factory.annotation.AutowiredAnnotationBeanPostProcessor$AutowiredFieldElement.inject(AutowiredAnnotationBeanPostProcessor.java:767)
	at org.springframework.beans.factory.annotation.InjectionMetadata.inject(InjectionMetadata.java:146)
	at org.springframework.beans.factory.annotation.AutowiredAnnotationBeanPostProcessor.postProcessProperties(AutowiredAnnotationBeanPostProcessor.java:509)
	at org.springframework.beans.factory.support.AbstractAutowireCapableBeanFactory.populateBean(AbstractAutowireCapableBeanFactory.java:1459)
	at org.springframework.beans.factory.support.AbstractAutowireCapableBeanFactory.doCreateBean(AbstractAutowireCapableBeanFactory.java:606)
	at org.springframework.beans.factory.support.AbstractAutowireCapableBeanFactory.createBean(AbstractAutowireCapableBeanFactory.java:529)
	at org.springframework.beans.factory.support.AbstractBeanFactory.lambda$doGetBean$0(AbstractBeanFactory.java:339)
	at org.springframework.beans.factory.support.DefaultSingletonBeanRegistry.getSingleton(DefaultSingletonBeanRegistry.java:373)
	at org.springframework.beans.factory.support.AbstractBeanFactory.doGetBean(AbstractBeanFactory.java:337)
	at org.springframework.beans.factory.support.AbstractBeanFactory.getBean(AbstractBeanFactory.java:202)
	at org.springframework.beans.factory.config.DependencyDescriptor.resolveCandidate(DependencyDescriptor.java:254)
	at org.springframework.beans.factory.support.DefaultListableBeanFactory.doResolveDependency(DefaultListableBeanFactory.java:1770)
	at org.springframework.beans.factory.support.DefaultListableBeanFactory.resolveDependency(DefaultListableBeanFactory.java:1653)
	at org.springframework.beans.factory.annotation.AutowiredAnnotationBeanPostProcessor$AutowiredFieldElement.resolveFieldValue(AutowiredAnnotationBeanPostProcessor.java:784)
	... 22 common frames omitted
Caused by: org.springframework.beans.factory.UnsatisfiedDependencyException: Error creating bean with name 'userMapper' defined in file [C:\Users\18065\Downloads\fgs2026-01-24-service\target\classes\com\example\computerassociation\mapper\UserMapper.class]: Unsatisfied dependency expressed through bean property 'sqlSessionTemplate': Error creating bean with name 'liquibase' defined in class path resource [org/springframework/boot/autoconfigure/liquibase/LiquibaseAutoConfiguration$LiquibaseConfiguration.class]: The file classpath:db/changelog/db.changelog-master.xml was not found in
    - Spring resources
Specifying files by absolute path was removed in Liquibase 4.0. Please use a relative path or add '/' to the classpath parameter.
	at org.springframework.beans.factory.support.AbstractAutowireCapableBeanFactory.autowireByType(AbstractAutowireCapableBeanFactory.java:1556)
	at org.springframework.beans.factory.support.AbstractAutowireCapableBeanFactory.populateBean(AbstractAutowireCapableBeanFactory.java:1450)
	at org.springframework.beans.factory.support.AbstractAutowireCapableBeanFactory.doCreateBean(AbstractAutowireCapableBeanFactory.java:606)
	at org.springframework.beans.factory.support.AbstractAutowireCapableBeanFactory.createBean(AbstractAutowireCapableBeanFactory.java:529)
	at org.springframework.beans.factory.support.AbstractBeanFactory.lambda$doGetBean$0(AbstractBeanFactory.java:339)
	at org.springframework.beans.factory.support.DefaultSingletonBeanRegistry.getSingleton(DefaultSingletonBeanRegistry.java:373)
	at org.springframework.beans.factory.support.AbstractBeanFactory.doGetBean(AbstractBeanFactory.java:337)
	at org.springframework.beans.factory.support.AbstractBeanFactory.getBean(AbstractBeanFactory.java:202)
	at org.springframework.beans.factory.config.DependencyDescriptor.resolveCandidate(DependencyDescriptor.java:254)
	at org.springframework.beans.factory.support.DefaultListableBeanFactory.doResolveDependency(DefaultListableBeanFactory.java:1770)
	at org.springframework.beans.factory.support.DefaultListableBeanFactory.resolveDependency(DefaultListableBeanFactory.java:1653)
	at org.springframework.beans.factory.annotation.AutowiredAnnotationBeanPostProcessor$AutowiredFieldElement.resolveFieldValue(AutowiredAnnotationBeanPostProcessor.java:784)
	... 36 common frames omitted
Caused by: org.springframework.beans.factory.BeanCreationException: Error creating bean with name 'liquibase' defined in class path resource [org/springframework/boot/autoconfigure/liquibase/LiquibaseAutoConfiguration$LiquibaseConfiguration.class]: The file classpath:db/changelog/db.changelog-master.xml was not found in
    - Spring resources
Specifying files by absolute path was removed in Liquibase 4.0. Please use a relative path or add '/' to the classpath parameter.
	at org.springframework.beans.factory.support.AbstractAutowireCapableBeanFactory.initializeBean(AbstractAutowireCapableBeanFactory.java:1826)
	at org.springframework.beans.factory.support.AbstractAutowireCapableBeanFactory.doCreateBean(AbstractAutowireCapableBeanFactory.java:607)
	at org.springframework.beans.factory.support.AbstractAutowireCapableBeanFactory.createBean(AbstractAutowireCapableBeanFactory.java:529)
	at org.springframework.beans.factory.support.AbstractBeanFactory.lambda$doGetBean$0(AbstractBeanFactory.java:339)
	at org.springframework.beans.factory.support.DefaultSingletonBeanRegistry.getSingleton(DefaultSingletonBeanRegistry.java:373)
	at org.springframework.beans.factory.support.AbstractBeanFactory.doGetBean(AbstractBeanFactory.java:337)
	at org.springframework.beans.factory.support.AbstractBeanFactory.getBean(AbstractBeanFactory.java:202)
	at org.springframework.beans.factory.support.AbstractBeanFactory.doGetBean(AbstractBeanFactory.java:315)
	at org.springframework.beans.factory.support.AbstractBeanFactory.getBean(AbstractBeanFactory.java:202)
	at org.springframework.beans.factory.config.DependencyDescriptor.resolveCandidate(DependencyDescriptor.java:254)
	at org.springframework.beans.factory.support.DefaultListableBeanFactory.doResolveDependency(DefaultListableBeanFactory.java:1770)
	at org.springframework.beans.factory.support.DefaultListableBeanFactory.resolveDependency(DefaultListableBeanFactory.java:1653)
	at org.springframework.beans.factory.support.AbstractAutowireCapableBeanFactory.autowireByType(AbstractAutowireCapableBeanFactory.java:1541)
	... 47 common frames omitted
Caused by: liquibase.exception.ChangeLogParseException: The file classpath:db/changelog/db.changelog-master.xml was not found in
    - Spring resources
Specifying files by absolute path was removed in Liquibase 4.0. Please use a relative path or add '/' to the classpath parameter.
	at liquibase.parser.core.xml.XMLChangeLogSAXParser.parseToNode(XMLChangeLogSAXParser.java:99)
	at liquibase.parser.core.xml.AbstractChangeLogParser.parse(AbstractChangeLogParser.java:15)
	at liquibase.Liquibase.getDatabaseChangeLog(Liquibase.java:369)
	at liquibase.Liquibase.lambda$update$1(Liquibase.java:224)
	at liquibase.Scope.lambda$child$0(Scope.java:180)
	at liquibase.Scope.child(Scope.java:189)
	at liquibase.Scope.child(Scope.java:179)
	at liquibase.Scope.child(Scope.java:158)
	at liquibase.Liquibase.runInScope(Liquibase.java:2405)
	at liquibase.Liquibase.update(Liquibase.java:211)
	at liquibase.Liquibase.update(Liquibase.java:197)
	at liquibase.integration.spring.SpringLiquibase.performUpdate(SpringLiquibase.java:314)
	at liquibase.integration.spring.SpringLiquibase.afterPropertiesSet(SpringLiquibase.java:269)
	at org.springframework.beans.factory.support.AbstractAutowireCapableBeanFactory.invokeInitMethods(AbstractAutowireCapableBeanFactory.java:1873)
	at org.springframework.beans.factory.support.AbstractAutowireCapableBeanFactory.initializeBean(AbstractAutowireCapableBeanFactory.java:1822)
	... 59 common frames omitted
2026-02-06 00:56:14.728 [main] ERROR org.springframework.boot.SpringApplication - Application run failed
org.springframework.beans.factory.UnsatisfiedDependencyException: Error creating bean with name 'userController': Unsatisfied dependency expressed through field 'userService': Error creating bean with name 'userServiceImpl': Unsatisfied dependency expressed through field 'baseMapper': Error creating bean with name 'userMapper' defined in file [C:\Users\18065\Downloads\fgs2026-01-24-service\target\classes\com\example\computerassociation\mapper\UserMapper.class]: Unsatisfied dependency expressed through bean property 'sqlSessionTemplate': Error creating bean with name 'liquibase' defined in class path resource [org/springframework/boot/autoconfigure/liquibase/LiquibaseAutoConfiguration$LiquibaseConfiguration.class]: The file classpath:db/changelog/db.changelog-master.xml was not found in
    - Spring resources
Specifying files by absolute path was removed in Liquibase 4.0. Please use a relative path or add '/' to the classpath parameter.
	at org.springframework.beans.factory.annotation.AutowiredAnnotationBeanPostProcessor$AutowiredFieldElement.resolveFieldValue(AutowiredAnnotationBeanPostProcessor.java:787)
	at org.springframework.beans.factory.annotation.AutowiredAnnotationBeanPostProcessor$AutowiredFieldElement.inject(AutowiredAnnotationBeanPostProcessor.java:767)
	at org.springframework.beans.factory.annotation.InjectionMetadata.inject(InjectionMetadata.java:146)
	at org.springframework.beans.factory.annotation.AutowiredAnnotationBeanPostProcessor.postProcessProperties(AutowiredAnnotationBeanPostProcessor.java:509)
	at org.springframework.beans.factory.support.AbstractAutowireCapableBeanFactory.populateBean(AbstractAutowireCapableBeanFactory.java:1459)
	at org.springframework.beans.factory.support.AbstractAutowireCapableBeanFactory.doCreateBean(AbstractAutowireCapableBeanFactory.java:606)
	at org.springframework.beans.factory.support.AbstractAutowireCapableBeanFactory.createBean(AbstractAutowireCapableBeanFactory.java:529)
	at org.springframework.beans.factory.support.AbstractBeanFactory.lambda$doGetBean$0(AbstractBeanFactory.java:339)
	at org.springframework.beans.factory.support.DefaultSingletonBeanRegistry.getSingleton(DefaultSingletonBeanRegistry.java:373)
	at org.springframework.beans.factory.support.AbstractBeanFactory.doGetBean(AbstractBeanFactory.java:337)
	at org.springframework.beans.factory.support.AbstractBeanFactory.getBean(AbstractBeanFactory.java:202)
	at org.springframework.beans.factory.support.DefaultListableBeanFactory.instantiateSingleton(DefaultListableBeanFactory.java:1228)
	at org.springframework.beans.factory.support.DefaultListableBeanFactory.preInstantiateSingleton(DefaultListableBeanFactory.java:1194)
	at org.springframework.beans.factory.support.DefaultListableBeanFactory.preInstantiateSingletons(DefaultListableBeanFactory.java:1130)
	at org.springframework.context.support.AbstractApplicationContext.finishBeanFactoryInitialization(AbstractApplicationContext.java:990)
	at org.springframework.context.support.AbstractApplicationContext.refresh(AbstractApplicationContext.java:627)
	at org.springframework.boot.web.servlet.context.ServletWebServerApplicationContext.refresh(ServletWebServerApplicationContext.java:146)
	at org.springframework.boot.SpringApplication.refresh(SpringApplication.java:752)
	at org.springframework.boot.SpringApplication.refreshContext(SpringApplication.java:439)
	at org.springframework.boot.SpringApplication.run(SpringApplication.java:318)
	at org.springframework.boot.SpringApplication.run(SpringApplication.java:1361)
	at org.springframework.boot.SpringApplication.run(SpringApplication.java:1350)
	at com.example.computerassociation.ComputerAssociationApplication.main(ComputerAssociationApplication.java:13)
Caused by: org.springframework.beans.factory.UnsatisfiedDependencyException: Error creating bean with name 'userServiceImpl': Unsatisfied dependency expressed through field 'baseMapper': Error creating bean with name 'userMapper' defined in file [C:\Users\18065\Downloads\fgs2026-01-24-service\target\classes\com\example\computerassociation\mapper\UserMapper.class]: Unsatisfied dependency expressed through bean property 'sqlSessionTemplate': Error creating bean with name 'liquibase' defined in class path resource [org/springframework/boot/autoconfigure/liquibase/LiquibaseAutoConfiguration$LiquibaseConfiguration.class]: The file classpath:db/changelog/db.changelog-master.xml was not found in
    - Spring resources
Specifying files by absolute path was removed in Liquibase 4.0. Please use a relative path or add '/' to the classpath parameter.
	at org.springframework.beans.factory.annotation.AutowiredAnnotationBeanPostProcessor$AutowiredFieldElement.resolveFieldValue(AutowiredAnnotationBeanPostProcessor.java:787)
	at org.springframework.beans.factory.annotation.AutowiredAnnotationBeanPostProcessor$AutowiredFieldElement.inject(AutowiredAnnotationBeanPostProcessor.java:767)
	at org.springframework.beans.factory.annotation.InjectionMetadata.inject(InjectionMetadata.java:146)
	at org.springframework.beans.factory.annotation.AutowiredAnnotationBeanPostProcessor.postProcessProperties(AutowiredAnnotationBeanPostProcessor.java:509)
	at org.springframework.beans.factory.support.AbstractAutowireCapableBeanFactory.populateBean(AbstractAutowireCapableBeanFactory.java:1459)
	at org.springframework.beans.factory.support.AbstractAutowireCapableBeanFactory.doCreateBean(AbstractAutowireCapableBeanFactory.java:606)
	at org.springframework.beans.factory.support.AbstractAutowireCapableBeanFactory.createBean(AbstractAutowireCapableBeanFactory.java:529)
	at org.springframework.beans.factory.support.AbstractBeanFactory.lambda$doGetBean$0(AbstractBeanFactory.java:339)
	at org.springframework.beans.factory.support.DefaultSingletonBeanRegistry.getSingleton(DefaultSingletonBeanRegistry.java:373)
	at org.springframework.beans.factory.support.AbstractBeanFactory.doGetBean(AbstractBeanFactory.java:337)
	at org.springframework.beans.factory.support.AbstractBeanFactory.getBean(AbstractBeanFactory.java:202)
	at org.springframework.beans.factory.config.DependencyDescriptor.resolveCandidate(DependencyDescriptor.java:254)
	at org.springframework.beans.factory.support.DefaultListableBeanFactory.doResolveDependency(DefaultListableBeanFactory.java:1770)
	at org.springframework.beans.factory.support.DefaultListableBeanFactory.resolveDependency(DefaultListableBeanFactory.java:1653)
	at org.springframework.beans.factory.annotation.AutowiredAnnotationBeanPostProcessor$AutowiredFieldElement.resolveFieldValue(AutowiredAnnotationBeanPostProcessor.java:784)
	... 22 common frames omitted
Caused by: org.springframework.beans.factory.UnsatisfiedDependencyException: Error creating bean with name 'userMapper' defined in file [C:\Users\18065\Downloads\fgs2026-01-24-service\target\classes\com\example\computerassociation\mapper\UserMapper.class]: Unsatisfied dependency expressed through bean property 'sqlSessionTemplate': Error creating bean with name 'liquibase' defined in class path resource [org/springframework/boot/autoconfigure/liquibase/LiquibaseAutoConfiguration$LiquibaseConfiguration.class]: The file classpath:db/changelog/db.changelog-master.xml was not found in
    - Spring resources
Specifying files by absolute path was removed in Liquibase 4.0. Please use a relative path or add '/' to the classpath parameter.
	at org.springframework.beans.factory.support.AbstractAutowireCapableBeanFactory.autowireByType(AbstractAutowireCapableBeanFactory.java:1556)
	at org.springframework.beans.factory.support.AbstractAutowireCapableBeanFactory.populateBean(AbstractAutowireCapableBeanFactory.java:1450)
	at org.springframework.beans.factory.support.AbstractAutowireCapableBeanFactory.doCreateBean(AbstractAutowireCapableBeanFactory.java:606)
	at org.springframework.beans.factory.support.AbstractAutowireCapableBeanFactory.createBean(AbstractAutowireCapableBeanFactory.java:529)
	at org.springframework.beans.factory.support.AbstractBeanFactory.lambda$doGetBean$0(AbstractBeanFactory.java:339)
	at org.springframework.beans.factory.support.DefaultSingletonBeanRegistry.getSingleton(DefaultSingletonBeanRegistry.java:373)
	at org.springframework.beans.factory.support.AbstractBeanFactory.doGetBean(AbstractBeanFactory.java:337)
	at org.springframework.beans.factory.support.AbstractBeanFactory.getBean(AbstractBeanFactory.java:202)
	at org.springframework.beans.factory.config.DependencyDescriptor.resolveCandidate(DependencyDescriptor.java:254)
	at org.springframework.beans.factory.support.DefaultListableBeanFactory.doResolveDependency(DefaultListableBeanFactory.java:1770)
	at org.springframework.beans.factory.support.DefaultListableBeanFactory.resolveDependency(DefaultListableBeanFactory.java:1653)
	at org.springframework.beans.factory.annotation.AutowiredAnnotationBeanPostProcessor$AutowiredFieldElement.resolveFieldValue(AutowiredAnnotationBeanPostProcessor.java:784)
	... 36 common frames omitted
Caused by: org.springframework.beans.factory.BeanCreationException: Error creating bean with name 'liquibase' defined in class path resource [org/springframework/boot/autoconfigure/liquibase/LiquibaseAutoConfiguration$LiquibaseConfiguration.class]: The file classpath:db/changelog/db.changelog-master.xml was not found in
    - Spring resources
Specifying files by absolute path was removed in Liquibase 4.0. Please use a relative path or add '/' to the classpath parameter.
	at org.springframework.beans.factory.support.AbstractAutowireCapableBeanFactory.initializeBean(AbstractAutowireCapableBeanFactory.java:1826)
	at org.springframework.beans.factory.support.AbstractAutowireCapableBeanFactory.doCreateBean(AbstractAutowireCapableBeanFactory.java:607)
	at org.springframework.beans.factory.support.AbstractAutowireCapableBeanFactory.createBean(AbstractAutowireCapableBeanFactory.java:529)
	at org.springframework.beans.factory.support.AbstractBeanFactory.lambda$doGetBean$0(AbstractBeanFactory.java:339)
	at org.springframework.beans.factory.support.DefaultSingletonBeanRegistry.getSingleton(DefaultSingletonBeanRegistry.java:373)
	at org.springframework.beans.factory.support.AbstractBeanFactory.doGetBean(AbstractBeanFactory.java:337)
	at org.springframework.beans.factory.support.AbstractBeanFactory.getBean(AbstractBeanFactory.java:202)
	at org.springframework.beans.factory.support.AbstractBeanFactory.doGetBean(AbstractBeanFactory.java:315)
	at org.springframework.beans.factory.support.AbstractBeanFactory.getBean(AbstractBeanFactory.java:202)
	at org.springframework.beans.factory.config.DependencyDescriptor.resolveCandidate(DependencyDescriptor.java:254)
	at org.springframework.beans.factory.support.DefaultListableBeanFactory.doResolveDependency(DefaultListableBeanFactory.java:1770)
	at org.springframework.beans.factory.support.DefaultListableBeanFactory.resolveDependency(DefaultListableBeanFactory.java:1653)
	at org.springframework.beans.factory.support.AbstractAutowireCapableBeanFactory.autowireByType(AbstractAutowireCapableBeanFactory.java:1541)
	... 47 common frames omitted
Caused by: liquibase.exception.ChangeLogParseException: The file classpath:db/changelog/db.changelog-master.xml was not found in
    - Spring resources
Specifying files by absolute path was removed in Liquibase 4.0. Please use a relative path or add '/' to the classpath parameter.
	at liquibase.parser.core.xml.XMLChangeLogSAXParser.parseToNode(XMLChangeLogSAXParser.java:99)
	at liquibase.parser.core.xml.AbstractChangeLogParser.parse(AbstractChangeLogParser.java:15)
	at liquibase.Liquibase.getDatabaseChangeLog(Liquibase.java:369)
	at liquibase.Liquibase.lambda$update$1(Liquibase.java:224)
	at liquibase.Scope.lambda$child$0(Scope.java:180)
	at liquibase.Scope.child(Scope.java:189)
	at liquibase.Scope.child(Scope.java:179)
	at liquibase.Scope.child(Scope.java:158)
	at liquibase.Liquibase.runInScope(Liquibase.java:2405)
	at liquibase.Liquibase.update(Liquibase.java:211)
	at liquibase.Liquibase.update(Liquibase.java:197)
	at liquibase.integration.spring.SpringLiquibase.performUpdate(SpringLiquibase.java:314)
	at liquibase.integration.spring.SpringLiquibase.afterPropertiesSet(SpringLiquibase.java:269)
	at org.springframework.beans.factory.support.AbstractAutowireCapableBeanFactory.invokeInitMethods(AbstractAutowireCapableBeanFactory.java:1873)
	at org.springframework.beans.factory.support.AbstractAutowireCapableBeanFactory.initializeBean(AbstractAutowireCapableBeanFactory.java:1822)
	... 59 common frames omitted
2026-02-06 00:57:21.371 [main] ERROR org.springframework.boot.SpringApplication - Application run failed
org.springframework.beans.factory.UnsatisfiedDependencyException: Error creating bean with name 'userController': Unsatisfied dependency expressed through field 'userService': Error creating bean with name 'userServiceImpl': Unsatisfied dependency expressed through field 'baseMapper': Error creating bean with name 'userMapper' defined in file [C:\Users\18065\Downloads\fgs2026-01-24-service\target\classes\com\example\computerassociation\mapper\UserMapper.class]: Unsatisfied dependency expressed through bean property 'sqlSessionTemplate': Error creating bean with name 'liquibase' defined in class path resource [org/springframework/boot/autoconfigure/liquibase/LiquibaseAutoConfiguration$LiquibaseConfiguration.class]: The file classpath:db/changelog/db.changelog-master.xml was not found in
    - Spring resources
Specifying files by absolute path was removed in Liquibase 4.0. Please use a relative path or add '/' to the classpath parameter.
	at org.springframework.beans.factory.annotation.AutowiredAnnotationBeanPostProcessor$AutowiredFieldElement.resolveFieldValue(AutowiredAnnotationBeanPostProcessor.java:787)
	at org.springframework.beans.factory.annotation.AutowiredAnnotationBeanPostProcessor$AutowiredFieldElement.inject(AutowiredAnnotationBeanPostProcessor.java:767)
	at org.springframework.beans.factory.annotation.InjectionMetadata.inject(InjectionMetadata.java:146)
	at org.springframework.beans.factory.annotation.AutowiredAnnotationBeanPostProcessor.postProcessProperties(AutowiredAnnotationBeanPostProcessor.java:509)
	at org.springframework.beans.factory.support.AbstractAutowireCapableBeanFactory.populateBean(AbstractAutowireCapableBeanFactory.java:1459)
	at org.springframework.beans.factory.support.AbstractAutowireCapableBeanFactory.doCreateBean(AbstractAutowireCapableBeanFactory.java:606)
	at org.springframework.beans.factory.support.AbstractAutowireCapableBeanFactory.createBean(AbstractAutowireCapableBeanFactory.java:529)
	at org.springframework.beans.factory.support.AbstractBeanFactory.lambda$doGetBean$0(AbstractBeanFactory.java:339)
	at org.springframework.beans.factory.support.DefaultSingletonBeanRegistry.getSingleton(DefaultSingletonBeanRegistry.java:373)
	at org.springframework.beans.factory.support.AbstractBeanFactory.doGetBean(AbstractBeanFactory.java:337)
	at org.springframework.beans.factory.support.AbstractBeanFactory.getBean(AbstractBeanFactory.java:202)
	at org.springframework.beans.factory.support.DefaultListableBeanFactory.instantiateSingleton(DefaultListableBeanFactory.java:1228)
	at org.springframework.beans.factory.support.DefaultListableBeanFactory.preInstantiateSingleton(DefaultListableBeanFactory.java:1194)
	at org.springframework.beans.factory.support.DefaultListableBeanFactory.preInstantiateSingletons(DefaultListableBeanFactory.java:1130)
	at org.springframework.context.support.AbstractApplicationContext.finishBeanFactoryInitialization(AbstractApplicationContext.java:990)
	at org.springframework.context.support.AbstractApplicationContext.refresh(AbstractApplicationContext.java:627)
	at org.springframework.boot.web.servlet.context.ServletWebServerApplicationContext.refresh(ServletWebServerApplicationContext.java:146)
	at org.springframework.boot.SpringApplication.refresh(SpringApplication.java:752)
	at org.springframework.boot.SpringApplication.refreshContext(SpringApplication.java:439)
	at org.springframework.boot.SpringApplication.run(SpringApplication.java:318)
	at org.springframework.boot.SpringApplication.run(SpringApplication.java:1361)
	at org.springframework.boot.SpringApplication.run(SpringApplication.java:1350)
	at com.example.computerassociation.ComputerAssociationApplication.main(ComputerAssociationApplication.java:13)
Caused by: org.springframework.beans.factory.UnsatisfiedDependencyException: Error creating bean with name 'userServiceImpl': Unsatisfied dependency expressed through field 'baseMapper': Error creating bean with name 'userMapper' defined in file [C:\Users\18065\Downloads\fgs2026-01-24-service\target\classes\com\example\computerassociation\mapper\UserMapper.class]: Unsatisfied dependency expressed through bean property 'sqlSessionTemplate': Error creating bean with name 'liquibase' defined in class path resource [org/springframework/boot/autoconfigure/liquibase/LiquibaseAutoConfiguration$LiquibaseConfiguration.class]: The file classpath:db/changelog/db.changelog-master.xml was not found in
    - Spring resources
Specifying files by absolute path was removed in Liquibase 4.0. Please use a relative path or add '/' to the classpath parameter.
	at org.springframework.beans.factory.annotation.AutowiredAnnotationBeanPostProcessor$AutowiredFieldElement.resolveFieldValue(AutowiredAnnotationBeanPostProcessor.java:787)
	at org.springframework.beans.factory.annotation.AutowiredAnnotationBeanPostProcessor$AutowiredFieldElement.inject(AutowiredAnnotationBeanPostProcessor.java:767)
	at org.springframework.beans.factory.annotation.InjectionMetadata.inject(InjectionMetadata.java:146)
	at org.springframework.beans.factory.annotation.AutowiredAnnotationBeanPostProcessor.postProcessProperties(AutowiredAnnotationBeanPostProcessor.java:509)
	at org.springframework.beans.factory.support.AbstractAutowireCapableBeanFactory.populateBean(AbstractAutowireCapableBeanFactory.java:1459)
	at org.springframework.beans.factory.support.AbstractAutowireCapableBeanFactory.doCreateBean(AbstractAutowireCapableBeanFactory.java:606)
	at org.springframework.beans.factory.support.AbstractAutowireCapableBeanFactory.createBean(AbstractAutowireCapableBeanFactory.java:529)
	at org.springframework.beans.factory.support.AbstractBeanFactory.lambda$doGetBean$0(AbstractBeanFactory.java:339)
	at org.springframework.beans.factory.support.DefaultSingletonBeanRegistry.getSingleton(DefaultSingletonBeanRegistry.java:373)
	at org.springframework.beans.factory.support.AbstractBeanFactory.doGetBean(AbstractBeanFactory.java:337)
	at org.springframework.beans.factory.support.AbstractBeanFactory.getBean(AbstractBeanFactory.java:202)
	at org.springframework.beans.factory.config.DependencyDescriptor.resolveCandidate(DependencyDescriptor.java:254)
	at org.springframework.beans.factory.support.DefaultListableBeanFactory.doResolveDependency(DefaultListableBeanFactory.java:1770)
	at org.springframework.beans.factory.support.DefaultListableBeanFactory.resolveDependency(DefaultListableBeanFactory.java:1653)
	at org.springframework.beans.factory.annotation.AutowiredAnnotationBeanPostProcessor$AutowiredFieldElement.resolveFieldValue(AutowiredAnnotationBeanPostProcessor.java:784)
	... 22 common frames omitted
Caused by: org.springframework.beans.factory.UnsatisfiedDependencyException: Error creating bean with name 'userMapper' defined in file [C:\Users\18065\Downloads\fgs2026-01-24-service\target\classes\com\example\computerassociation\mapper\UserMapper.class]: Unsatisfied dependency expressed through bean property 'sqlSessionTemplate': Error creating bean with name 'liquibase' defined in class path resource [org/springframework/boot/autoconfigure/liquibase/LiquibaseAutoConfiguration$LiquibaseConfiguration.class]: The file classpath:db/changelog/db.changelog-master.xml was not found in
    - Spring resources
Specifying files by absolute path was removed in Liquibase 4.0. Please use a relative path or add '/' to the classpath parameter.
	at org.springframework.beans.factory.support.AbstractAutowireCapableBeanFactory.autowireByType(AbstractAutowireCapableBeanFactory.java:1556)
	at org.springframework.beans.factory.support.AbstractAutowireCapableBeanFactory.populateBean(AbstractAutowireCapableBeanFactory.java:1450)
	at org.springframework.beans.factory.support.AbstractAutowireCapableBeanFactory.doCreateBean(AbstractAutowireCapableBeanFactory.java:606)
	at org.springframework.beans.factory.support.AbstractAutowireCapableBeanFactory.createBean(AbstractAutowireCapableBeanFactory.java:529)
	at org.springframework.beans.factory.support.AbstractBeanFactory.lambda$doGetBean$0(AbstractBeanFactory.java:339)
	at org.springframework.beans.factory.support.DefaultSingletonBeanRegistry.getSingleton(DefaultSingletonBeanRegistry.java:373)
	at org.springframework.beans.factory.support.AbstractBeanFactory.doGetBean(AbstractBeanFactory.java:337)
	at org.springframework.beans.factory.support.AbstractBeanFactory.getBean(AbstractBeanFactory.java:202)
	at org.springframework.beans.factory.config.DependencyDescriptor.resolveCandidate(DependencyDescriptor.java:254)
	at org.springframework.beans.factory.support.DefaultListableBeanFactory.doResolveDependency(DefaultListableBeanFactory.java:1770)
	at org.springframework.beans.factory.support.DefaultListableBeanFactory.resolveDependency(DefaultListableBeanFactory.java:1653)
	at org.springframework.beans.factory.annotation.AutowiredAnnotationBeanPostProcessor$AutowiredFieldElement.resolveFieldValue(AutowiredAnnotationBeanPostProcessor.java:784)
	... 36 common frames omitted
Caused by: org.springframework.beans.factory.BeanCreationException: Error creating bean with name 'liquibase' defined in class path resource [org/springframework/boot/autoconfigure/liquibase/LiquibaseAutoConfiguration$LiquibaseConfiguration.class]: The file classpath:db/changelog/db.changelog-master.xml was not found in
    - Spring resources
Specifying files by absolute path was removed in Liquibase 4.0. Please use a relative path or add '/' to the classpath parameter.
	at org.springframework.beans.factory.support.AbstractAutowireCapableBeanFactory.initializeBean(AbstractAutowireCapableBeanFactory.java:1826)
	at org.springframework.beans.factory.support.AbstractAutowireCapableBeanFactory.doCreateBean(AbstractAutowireCapableBeanFactory.java:607)
	at org.springframework.beans.factory.support.AbstractAutowireCapableBeanFactory.createBean(AbstractAutowireCapableBeanFactory.java:529)
	at org.springframework.beans.factory.support.AbstractBeanFactory.lambda$doGetBean$0(AbstractBeanFactory.java:339)
	at org.springframework.beans.factory.support.DefaultSingletonBeanRegistry.getSingleton(DefaultSingletonBeanRegistry.java:373)
	at org.springframework.beans.factory.support.AbstractBeanFactory.doGetBean(AbstractBeanFactory.java:337)
	at org.springframework.beans.factory.support.AbstractBeanFactory.getBean(AbstractBeanFactory.java:202)
	at org.springframework.beans.factory.support.AbstractBeanFactory.doGetBean(AbstractBeanFactory.java:315)
	at org.springframework.beans.factory.support.AbstractBeanFactory.getBean(AbstractBeanFactory.java:202)
	at org.springframework.beans.factory.config.DependencyDescriptor.resolveCandidate(DependencyDescriptor.java:254)
	at org.springframework.beans.factory.support.DefaultListableBeanFactory.doResolveDependency(DefaultListableBeanFactory.java:1770)
	at org.springframework.beans.factory.support.DefaultListableBeanFactory.resolveDependency(DefaultListableBeanFactory.java:1653)
	at org.springframework.beans.factory.support.AbstractAutowireCapableBeanFactory.autowireByType(AbstractAutowireCapableBeanFactory.java:1541)
	... 47 common frames omitted
Caused by: liquibase.exception.ChangeLogParseException: The file classpath:db/changelog/db.changelog-master.xml was not found in
    - Spring resources
Specifying files by absolute path was removed in Liquibase 4.0. Please use a relative path or add '/' to the classpath parameter.
	at liquibase.parser.core.xml.XMLChangeLogSAXParser.parseToNode(XMLChangeLogSAXParser.java:99)
	at liquibase.parser.core.xml.AbstractChangeLogParser.parse(AbstractChangeLogParser.java:15)
	at liquibase.Liquibase.getDatabaseChangeLog(Liquibase.java:369)
	at liquibase.Liquibase.lambda$update$1(Liquibase.java:224)
	at liquibase.Scope.lambda$child$0(Scope.java:180)
	at liquibase.Scope.child(Scope.java:189)
	at liquibase.Scope.child(Scope.java:179)
	at liquibase.Scope.child(Scope.java:158)
	at liquibase.Liquibase.runInScope(Liquibase.java:2405)
	at liquibase.Liquibase.update(Liquibase.java:211)
	at liquibase.Liquibase.update(Liquibase.java:197)
	at liquibase.integration.spring.SpringLiquibase.performUpdate(SpringLiquibase.java:314)
	at liquibase.integration.spring.SpringLiquibase.afterPropertiesSet(SpringLiquibase.java:269)
	at org.springframework.beans.factory.support.AbstractAutowireCapableBeanFactory.invokeInitMethods(AbstractAutowireCapableBeanFactory.java:1873)
	at org.springframework.beans.factory.support.AbstractAutowireCapableBeanFactory.initializeBean(AbstractAutowireCapableBeanFactory.java:1822)
	... 59 common frames omitted
2026-02-06 01:01:26.375 [main] ERROR org.springframework.boot.SpringApplication - Application run failed
org.springframework.beans.factory.UnsatisfiedDependencyException: Error creating bean with name 'userController': Unsatisfied dependency expressed through field 'userService': Error creating bean with name 'userServiceImpl': Unsatisfied dependency expressed through field 'baseMapper': Error creating bean with name 'userMapper' defined in file [C:\Users\18065\Downloads\fgs2026-01-24-service\target\classes\com\example\computerassociation\mapper\UserMapper.class]: Unsatisfied dependency expressed through bean property 'sqlSessionTemplate': Error creating bean with name 'liquibase' defined in class path resource [org/springframework/boot/autoconfigure/liquibase/LiquibaseAutoConfiguration$LiquibaseConfiguration.class]: liquibase.exception.CommandExecutionException: liquibase.exception.ValidationFailedException: Validation Failed:
     1 changes have validation failures
          The file ../../../sql/Users.sql was not found in the configured search path:
    - Spring classpath
More locations can be added with the 'searchPath' parameter., db/changelog/db.changelog-1.0.xml::1.0::developer

	at org.springframework.beans.factory.annotation.AutowiredAnnotationBeanPostProcessor$AutowiredFieldElement.resolveFieldValue(AutowiredAnnotationBeanPostProcessor.java:787)
	at org.springframework.beans.factory.annotation.AutowiredAnnotationBeanPostProcessor$AutowiredFieldElement.inject(AutowiredAnnotationBeanPostProcessor.java:767)
	at org.springframework.beans.factory.annotation.InjectionMetadata.inject(InjectionMetadata.java:146)
	at org.springframework.beans.factory.annotation.AutowiredAnnotationBeanPostProcessor.postProcessProperties(AutowiredAnnotationBeanPostProcessor.java:509)
	at org.springframework.beans.factory.support.AbstractAutowireCapableBeanFactory.populateBean(AbstractAutowireCapableBeanFactory.java:1459)
	at org.springframework.beans.factory.support.AbstractAutowireCapableBeanFactory.doCreateBean(AbstractAutowireCapableBeanFactory.java:606)
	at org.springframework.beans.factory.support.AbstractAutowireCapableBeanFactory.createBean(AbstractAutowireCapableBeanFactory.java:529)
	at org.springframework.beans.factory.support.AbstractBeanFactory.lambda$doGetBean$0(AbstractBeanFactory.java:339)
	at org.springframework.beans.factory.support.DefaultSingletonBeanRegistry.getSingleton(DefaultSingletonBeanRegistry.java:373)
	at org.springframework.beans.factory.support.AbstractBeanFactory.doGetBean(AbstractBeanFactory.java:337)
	at org.springframework.beans.factory.support.AbstractBeanFactory.getBean(AbstractBeanFactory.java:202)
	at org.springframework.beans.factory.support.DefaultListableBeanFactory.instantiateSingleton(DefaultListableBeanFactory.java:1228)
	at org.springframework.beans.factory.support.DefaultListableBeanFactory.preInstantiateSingleton(DefaultListableBeanFactory.java:1194)
	at org.springframework.beans.factory.support.DefaultListableBeanFactory.preInstantiateSingletons(DefaultListableBeanFactory.java:1130)
	at org.springframework.context.support.AbstractApplicationContext.finishBeanFactoryInitialization(AbstractApplicationContext.java:990)
	at org.springframework.context.support.AbstractApplicationContext.refresh(AbstractApplicationContext.java:627)
	at org.springframework.boot.web.servlet.context.ServletWebServerApplicationContext.refresh(ServletWebServerApplicationContext.java:146)
	at org.springframework.boot.SpringApplication.refresh(SpringApplication.java:752)
	at org.springframework.boot.SpringApplication.refreshContext(SpringApplication.java:439)
	at org.springframework.boot.SpringApplication.run(SpringApplication.java:318)
	at org.springframework.boot.SpringApplication.run(SpringApplication.java:1361)
	at org.springframework.boot.SpringApplication.run(SpringApplication.java:1350)
	at com.example.computerassociation.ComputerAssociationApplication.main(ComputerAssociationApplication.java:13)
Caused by: org.springframework.beans.factory.UnsatisfiedDependencyException: Error creating bean with name 'userServiceImpl': Unsatisfied dependency expressed through field 'baseMapper': Error creating bean with name 'userMapper' defined in file [C:\Users\18065\Downloads\fgs2026-01-24-service\target\classes\com\example\computerassociation\mapper\UserMapper.class]: Unsatisfied dependency expressed through bean property 'sqlSessionTemplate': Error creating bean with name 'liquibase' defined in class path resource [org/springframework/boot/autoconfigure/liquibase/LiquibaseAutoConfiguration$LiquibaseConfiguration.class]: liquibase.exception.CommandExecutionException: liquibase.exception.ValidationFailedException: Validation Failed:
     1 changes have validation failures
          The file ../../../sql/Users.sql was not found in the configured search path:
    - Spring classpath
More locations can be added with the 'searchPath' parameter., db/changelog/db.changelog-1.0.xml::1.0::developer

	at org.springframework.beans.factory.annotation.AutowiredAnnotationBeanPostProcessor$AutowiredFieldElement.resolveFieldValue(AutowiredAnnotationBeanPostProcessor.java:787)
	at org.springframework.beans.factory.annotation.AutowiredAnnotationBeanPostProcessor$AutowiredFieldElement.inject(AutowiredAnnotationBeanPostProcessor.java:767)
	at org.springframework.beans.factory.annotation.InjectionMetadata.inject(InjectionMetadata.java:146)
	at org.springframework.beans.factory.annotation.AutowiredAnnotationBeanPostProcessor.postProcessProperties(AutowiredAnnotationBeanPostProcessor.java:509)
	at org.springframework.beans.factory.support.AbstractAutowireCapableBeanFactory.populateBean(AbstractAutowireCapableBeanFactory.java:1459)
	at org.springframework.beans.factory.support.AbstractAutowireCapableBeanFactory.doCreateBean(AbstractAutowireCapableBeanFactory.java:606)
	at org.springframework.beans.factory.support.AbstractAutowireCapableBeanFactory.createBean(AbstractAutowireCapableBeanFactory.java:529)
	at org.springframework.beans.factory.support.AbstractBeanFactory.lambda$doGetBean$0(AbstractBeanFactory.java:339)
	at org.springframework.beans.factory.support.DefaultSingletonBeanRegistry.getSingleton(DefaultSingletonBeanRegistry.java:373)
	at org.springframework.beans.factory.support.AbstractBeanFactory.doGetBean(AbstractBeanFactory.java:337)
	at org.springframework.beans.factory.support.AbstractBeanFactory.getBean(AbstractBeanFactory.java:202)
	at org.springframework.beans.factory.config.DependencyDescriptor.resolveCandidate(DependencyDescriptor.java:254)
	at org.springframework.beans.factory.support.DefaultListableBeanFactory.doResolveDependency(DefaultListableBeanFactory.java:1770)
	at org.springframework.beans.factory.support.DefaultListableBeanFactory.resolveDependency(DefaultListableBeanFactory.java:1653)
	at org.springframework.beans.factory.annotation.AutowiredAnnotationBeanPostProcessor$AutowiredFieldElement.resolveFieldValue(AutowiredAnnotationBeanPostProcessor.java:784)
	... 22 common frames omitted
Caused by: org.springframework.beans.factory.UnsatisfiedDependencyException: Error creating bean with name 'userMapper' defined in file [C:\Users\18065\Downloads\fgs2026-01-24-service\target\classes\com\example\computerassociation\mapper\UserMapper.class]: Unsatisfied dependency expressed through bean property 'sqlSessionTemplate': Error creating bean with name 'liquibase' defined in class path resource [org/springframework/boot/autoconfigure/liquibase/LiquibaseAutoConfiguration$LiquibaseConfiguration.class]: liquibase.exception.CommandExecutionException: liquibase.exception.ValidationFailedException: Validation Failed:
     1 changes have validation failures
          The file ../../../sql/Users.sql was not found in the configured search path:
    - Spring classpath
More locations can be added with the 'searchPath' parameter., db/changelog/db.changelog-1.0.xml::1.0::developer

	at org.springframework.beans.factory.support.AbstractAutowireCapableBeanFactory.autowireByType(AbstractAutowireCapableBeanFactory.java:1556)
	at org.springframework.beans.factory.support.AbstractAutowireCapableBeanFactory.populateBean(AbstractAutowireCapableBeanFactory.java:1450)
	at org.springframework.beans.factory.support.AbstractAutowireCapableBeanFactory.doCreateBean(AbstractAutowireCapableBeanFactory.java:606)
	at org.springframework.beans.factory.support.AbstractAutowireCapableBeanFactory.createBean(AbstractAutowireCapableBeanFactory.java:529)
	at org.springframework.beans.factory.support.AbstractBeanFactory.lambda$doGetBean$0(AbstractBeanFactory.java:339)
	at org.springframework.beans.factory.support.DefaultSingletonBeanRegistry.getSingleton(DefaultSingletonBeanRegistry.java:373)
	at org.springframework.beans.factory.support.AbstractBeanFactory.doGetBean(AbstractBeanFactory.java:337)
	at org.springframework.beans.factory.support.AbstractBeanFactory.getBean(AbstractBeanFactory.java:202)
	at org.springframework.beans.factory.config.DependencyDescriptor.resolveCandidate(DependencyDescriptor.java:254)
	at org.springframework.beans.factory.support.DefaultListableBeanFactory.doResolveDependency(DefaultListableBeanFactory.java:1770)
	at org.springframework.beans.factory.support.DefaultListableBeanFactory.resolveDependency(DefaultListableBeanFactory.java:1653)
	at org.springframework.beans.factory.annotation.AutowiredAnnotationBeanPostProcessor$AutowiredFieldElement.resolveFieldValue(AutowiredAnnotationBeanPostProcessor.java:784)
	... 36 common frames omitted
Caused by: org.springframework.beans.factory.BeanCreationException: Error creating bean with name 'liquibase' defined in class path resource [org/springframework/boot/autoconfigure/liquibase/LiquibaseAutoConfiguration$LiquibaseConfiguration.class]: liquibase.exception.CommandExecutionException: liquibase.exception.ValidationFailedException: Validation Failed:
     1 changes have validation failures
          The file ../../../sql/Users.sql was not found in the configured search path:
    - Spring classpath
More locations can be added with the 'searchPath' parameter., db/changelog/db.changelog-1.0.xml::1.0::developer

	at org.springframework.beans.factory.support.AbstractAutowireCapableBeanFactory.initializeBean(AbstractAutowireCapableBeanFactory.java:1826)
	at org.springframework.beans.factory.support.AbstractAutowireCapableBeanFactory.doCreateBean(AbstractAutowireCapableBeanFactory.java:607)
	at org.springframework.beans.factory.support.AbstractAutowireCapableBeanFactory.createBean(AbstractAutowireCapableBeanFactory.java:529)
	at org.springframework.beans.factory.support.AbstractBeanFactory.lambda$doGetBean$0(AbstractBeanFactory.java:339)
	at org.springframework.beans.factory.support.DefaultSingletonBeanRegistry.getSingleton(DefaultSingletonBeanRegistry.java:373)
	at org.springframework.beans.factory.support.AbstractBeanFactory.doGetBean(AbstractBeanFactory.java:337)
	at org.springframework.beans.factory.support.AbstractBeanFactory.getBean(AbstractBeanFactory.java:202)
	at org.springframework.beans.factory.support.AbstractBeanFactory.doGetBean(AbstractBeanFactory.java:315)
	at org.springframework.beans.factory.support.AbstractBeanFactory.getBean(AbstractBeanFactory.java:202)
	at org.springframework.beans.factory.config.DependencyDescriptor.resolveCandidate(DependencyDescriptor.java:254)
	at org.springframework.beans.factory.support.DefaultListableBeanFactory.doResolveDependency(DefaultListableBeanFactory.java:1770)
	at org.springframework.beans.factory.support.DefaultListableBeanFactory.resolveDependency(DefaultListableBeanFactory.java:1653)
	at org.springframework.beans.factory.support.AbstractAutowireCapableBeanFactory.autowireByType(AbstractAutowireCapableBeanFactory.java:1541)
	... 47 common frames omitted
Caused by: liquibase.exception.LiquibaseException: liquibase.exception.CommandExecutionException: liquibase.exception.ValidationFailedException: Validation Failed:
     1 changes have validation failures
          The file ../../../sql/Users.sql was not found in the configured search path:
    - Spring classpath
More locations can be added with the 'searchPath' parameter., db/changelog/db.changelog-1.0.xml::1.0::developer

	at liquibase.integration.spring.SpringLiquibase.afterPropertiesSet(SpringLiquibase.java:288)
	at org.springframework.beans.factory.support.AbstractAutowireCapableBeanFactory.invokeInitMethods(AbstractAutowireCapableBeanFactory.java:1873)
	at org.springframework.beans.factory.support.AbstractAutowireCapableBeanFactory.initializeBean(AbstractAutowireCapableBeanFactory.java:1822)
	... 59 common frames omitted
Caused by: liquibase.exception.CommandExecutionException: liquibase.exception.ValidationFailedException: Validation Failed:
     1 changes have validation failures
          The file ../../../sql/Users.sql was not found in the configured search path:
    - Spring classpath
More locations can be added with the 'searchPath' parameter., db/changelog/db.changelog-1.0.xml::1.0::developer

	at liquibase.command.CommandScope.lambda$execute$6(CommandScope.java:300)
	at liquibase.Scope.child(Scope.java:210)
	at liquibase.Scope.child(Scope.java:186)
	at liquibase.command.CommandScope.execute(CommandScope.java:241)
	at liquibase.Liquibase.lambda$update$0(Liquibase.java:216)
	at liquibase.Scope.lambda$child$0(Scope.java:201)
	at liquibase.Scope.child(Scope.java:210)
	at liquibase.Scope.child(Scope.java:200)
	at liquibase.Scope.child(Scope.java:179)
	at liquibase.Liquibase.runInScope(Liquibase.java:1333)
	at liquibase.Liquibase.update(Liquibase.java:205)
	at liquibase.Liquibase.update(Liquibase.java:188)
	at liquibase.integration.spring.SpringLiquibase.performUpdate(SpringLiquibase.java:326)
	at liquibase.integration.spring.SpringLiquibase.lambda$afterPropertiesSet$0(SpringLiquibase.java:278)
	at liquibase.Scope.lambda$child$0(Scope.java:201)
	at liquibase.Scope.child(Scope.java:210)
	at liquibase.Scope.child(Scope.java:200)
	at liquibase.Scope.child(Scope.java:179)
	at liquibase.integration.spring.SpringLiquibase.afterPropertiesSet(SpringLiquibase.java:271)
	... 61 common frames omitted
Caused by: liquibase.exception.ValidationFailedException: Validation Failed:
     1 changes have validation failures
          The file ../../../sql/Users.sql was not found in the configured search path:
    - Spring classpath
More locations can be added with the 'searchPath' parameter., db/changelog/db.changelog-1.0.xml::1.0::developer

	at liquibase.changelog.DatabaseChangeLog.validate(DatabaseChangeLog.java:384)
	at liquibase.command.core.helpers.DatabaseChangelogCommandStep.run(DatabaseChangelogCommandStep.java:88)
	at liquibase.command.CommandScope.lambda$execute$6(CommandScope.java:253)
	... 79 common frames omitted
2026-02-06 01:05:40.432 [main] ERROR liquibase.parser - cvc-complex-type.3.2.2: 元素 'sqlFile' 中不允许出现属性 'relativeToChangeLogFile'。
2026-02-06 01:05:41.553 [main] ERROR org.springframework.boot.SpringApplication - Application run failed
org.springframework.beans.factory.UnsatisfiedDependencyException: Error creating bean with name 'userController': Unsatisfied dependency expressed through field 'userService': Error creating bean with name 'userServiceImpl': Unsatisfied dependency expressed through field 'baseMapper': Error creating bean with name 'userMapper' defined in file [C:\Users\18065\Downloads\fgs2026-01-24-service\target\classes\com\example\computerassociation\mapper\UserMapper.class]: Unsatisfied dependency expressed through bean property 'sqlSessionTemplate': Error creating bean with name 'liquibase' defined in class path resource [org/springframework/boot/autoconfigure/liquibase/LiquibaseAutoConfiguration$LiquibaseConfiguration.class]: liquibase.exception.CommandExecutionException: liquibase.exception.ChangeLogParseException: liquibase.exception.SetupException: Error parsing line 11 column 120 of db/changelog/db.changelog-1.0.xml: cvc-complex-type.3.2.2: 元素 'sqlFile' 中不允许出现属性 'relativeToChangeLogFile'。
	at org.springframework.beans.factory.annotation.AutowiredAnnotationBeanPostProcessor$AutowiredFieldElement.resolveFieldValue(AutowiredAnnotationBeanPostProcessor.java:787)
	at org.springframework.beans.factory.annotation.AutowiredAnnotationBeanPostProcessor$AutowiredFieldElement.inject(AutowiredAnnotationBeanPostProcessor.java:767)
	at org.springframework.beans.factory.annotation.InjectionMetadata.inject(InjectionMetadata.java:146)
	at org.springframework.beans.factory.annotation.AutowiredAnnotationBeanPostProcessor.postProcessProperties(AutowiredAnnotationBeanPostProcessor.java:509)
	at org.springframework.beans.factory.support.AbstractAutowireCapableBeanFactory.populateBean(AbstractAutowireCapableBeanFactory.java:1459)
	at org.springframework.beans.factory.support.AbstractAutowireCapableBeanFactory.doCreateBean(AbstractAutowireCapableBeanFactory.java:606)
	at org.springframework.beans.factory.support.AbstractAutowireCapableBeanFactory.createBean(AbstractAutowireCapableBeanFactory.java:529)
	at org.springframework.beans.factory.support.AbstractBeanFactory.lambda$doGetBean$0(AbstractBeanFactory.java:339)
	at org.springframework.beans.factory.support.DefaultSingletonBeanRegistry.getSingleton(DefaultSingletonBeanRegistry.java:373)
	at org.springframework.beans.factory.support.AbstractBeanFactory.doGetBean(AbstractBeanFactory.java:337)
	at org.springframework.beans.factory.support.AbstractBeanFactory.getBean(AbstractBeanFactory.java:202)
	at org.springframework.beans.factory.support.DefaultListableBeanFactory.instantiateSingleton(DefaultListableBeanFactory.java:1228)
	at org.springframework.beans.factory.support.DefaultListableBeanFactory.preInstantiateSingleton(DefaultListableBeanFactory.java:1194)
	at org.springframework.beans.factory.support.DefaultListableBeanFactory.preInstantiateSingletons(DefaultListableBeanFactory.java:1130)
	at org.springframework.context.support.AbstractApplicationContext.finishBeanFactoryInitialization(AbstractApplicationContext.java:990)
	at org.springframework.context.support.AbstractApplicationContext.refresh(AbstractApplicationContext.java:627)
	at org.springframework.boot.web.servlet.context.ServletWebServerApplicationContext.refresh(ServletWebServerApplicationContext.java:146)
	at org.springframework.boot.SpringApplication.refresh(SpringApplication.java:752)
	at org.springframework.boot.SpringApplication.refreshContext(SpringApplication.java:439)
	at org.springframework.boot.SpringApplication.run(SpringApplication.java:318)
	at org.springframework.boot.SpringApplication.run(SpringApplication.java:1361)
	at org.springframework.boot.SpringApplication.run(SpringApplication.java:1350)
	at com.example.computerassociation.ComputerAssociationApplication.main(ComputerAssociationApplication.java:13)
Caused by: org.springframework.beans.factory.UnsatisfiedDependencyException: Error creating bean with name 'userServiceImpl': Unsatisfied dependency expressed through field 'baseMapper': Error creating bean with name 'userMapper' defined in file [C:\Users\18065\Downloads\fgs2026-01-24-service\target\classes\com\example\computerassociation\mapper\UserMapper.class]: Unsatisfied dependency expressed through bean property 'sqlSessionTemplate': Error creating bean with name 'liquibase' defined in class path resource [org/springframework/boot/autoconfigure/liquibase/LiquibaseAutoConfiguration$LiquibaseConfiguration.class]: liquibase.exception.CommandExecutionException: liquibase.exception.ChangeLogParseException: liquibase.exception.SetupException: Error parsing line 11 column 120 of db/changelog/db.changelog-1.0.xml: cvc-complex-type.3.2.2: 元素 'sqlFile' 中不允许出现属性 'relativeToChangeLogFile'。
	at org.springframework.beans.factory.annotation.AutowiredAnnotationBeanPostProcessor$AutowiredFieldElement.resolveFieldValue(AutowiredAnnotationBeanPostProcessor.java:787)
	at org.springframework.beans.factory.annotation.AutowiredAnnotationBeanPostProcessor$AutowiredFieldElement.inject(AutowiredAnnotationBeanPostProcessor.java:767)
	at org.springframework.beans.factory.annotation.InjectionMetadata.inject(InjectionMetadata.java:146)
	at org.springframework.beans.factory.annotation.AutowiredAnnotationBeanPostProcessor.postProcessProperties(AutowiredAnnotationBeanPostProcessor.java:509)
	at org.springframework.beans.factory.support.AbstractAutowireCapableBeanFactory.populateBean(AbstractAutowireCapableBeanFactory.java:1459)
	at org.springframework.beans.factory.support.AbstractAutowireCapableBeanFactory.doCreateBean(AbstractAutowireCapableBeanFactory.java:606)
	at org.springframework.beans.factory.support.AbstractAutowireCapableBeanFactory.createBean(AbstractAutowireCapableBeanFactory.java:529)
	at org.springframework.beans.factory.support.AbstractBeanFactory.lambda$doGetBean$0(AbstractBeanFactory.java:339)
	at org.springframework.beans.factory.support.DefaultSingletonBeanRegistry.getSingleton(DefaultSingletonBeanRegistry.java:373)
	at org.springframework.beans.factory.support.AbstractBeanFactory.doGetBean(AbstractBeanFactory.java:337)
	at org.springframework.beans.factory.support.AbstractBeanFactory.getBean(AbstractBeanFactory.java:202)
	at org.springframework.beans.factory.config.DependencyDescriptor.resolveCandidate(DependencyDescriptor.java:254)
	at org.springframework.beans.factory.support.DefaultListableBeanFactory.doResolveDependency(DefaultListableBeanFactory.java:1770)
	at org.springframework.beans.factory.support.DefaultListableBeanFactory.resolveDependency(DefaultListableBeanFactory.java:1653)
	at org.springframework.beans.factory.annotation.AutowiredAnnotationBeanPostProcessor$AutowiredFieldElement.resolveFieldValue(AutowiredAnnotationBeanPostProcessor.java:784)
	... 22 common frames omitted
Caused by: org.springframework.beans.factory.UnsatisfiedDependencyException: Error creating bean with name 'userMapper' defined in file [C:\Users\18065\Downloads\fgs2026-01-24-service\target\classes\com\example\computerassociation\mapper\UserMapper.class]: Unsatisfied dependency expressed through bean property 'sqlSessionTemplate': Error creating bean with name 'liquibase' defined in class path resource [org/springframework/boot/autoconfigure/liquibase/LiquibaseAutoConfiguration$LiquibaseConfiguration.class]: liquibase.exception.CommandExecutionException: liquibase.exception.ChangeLogParseException: liquibase.exception.SetupException: Error parsing line 11 column 120 of db/changelog/db.changelog-1.0.xml: cvc-complex-type.3.2.2: 元素 'sqlFile' 中不允许出现属性 'relativeToChangeLogFile'。
	at org.springframework.beans.factory.support.AbstractAutowireCapableBeanFactory.autowireByType(AbstractAutowireCapableBeanFactory.java:1556)
	at org.springframework.beans.factory.support.AbstractAutowireCapableBeanFactory.populateBean(AbstractAutowireCapableBeanFactory.java:1450)
	at org.springframework.beans.factory.support.AbstractAutowireCapableBeanFactory.doCreateBean(AbstractAutowireCapableBeanFactory.java:606)
	at org.springframework.beans.factory.support.AbstractAutowireCapableBeanFactory.createBean(AbstractAutowireCapableBeanFactory.java:529)
	at org.springframework.beans.factory.support.AbstractBeanFactory.lambda$doGetBean$0(AbstractBeanFactory.java:339)
	at org.springframework.beans.factory.support.DefaultSingletonBeanRegistry.getSingleton(DefaultSingletonBeanRegistry.java:373)
	at org.springframework.beans.factory.support.AbstractBeanFactory.doGetBean(AbstractBeanFactory.java:337)
	at org.springframework.beans.factory.support.AbstractBeanFactory.getBean(AbstractBeanFactory.java:202)
	at org.springframework.beans.factory.config.DependencyDescriptor.resolveCandidate(DependencyDescriptor.java:254)
	at org.springframework.beans.factory.support.DefaultListableBeanFactory.doResolveDependency(DefaultListableBeanFactory.java:1770)
	at org.springframework.beans.factory.support.DefaultListableBeanFactory.resolveDependency(DefaultListableBeanFactory.java:1653)
	at org.springframework.beans.factory.annotation.AutowiredAnnotationBeanPostProcessor$AutowiredFieldElement.resolveFieldValue(AutowiredAnnotationBeanPostProcessor.java:784)
	... 36 common frames omitted
Caused by: org.springframework.beans.factory.BeanCreationException: Error creating bean with name 'liquibase' defined in class path resource [org/springframework/boot/autoconfigure/liquibase/LiquibaseAutoConfiguration$LiquibaseConfiguration.class]: liquibase.exception.CommandExecutionException: liquibase.exception.ChangeLogParseException: liquibase.exception.SetupException: Error parsing line 11 column 120 of db/changelog/db.changelog-1.0.xml: cvc-complex-type.3.2.2: 元素 'sqlFile' 中不允许出现属性 'relativeToChangeLogFile'。
	at org.springframework.beans.factory.support.AbstractAutowireCapableBeanFactory.initializeBean(AbstractAutowireCapableBeanFactory.java:1826)
	at org.springframework.beans.factory.support.AbstractAutowireCapableBeanFactory.doCreateBean(AbstractAutowireCapableBeanFactory.java:607)
	at org.springframework.beans.factory.support.AbstractAutowireCapableBeanFactory.createBean(AbstractAutowireCapableBeanFactory.java:529)
	at org.springframework.beans.factory.support.AbstractBeanFactory.lambda$doGetBean$0(AbstractBeanFactory.java:339)
	at org.springframework.beans.factory.support.DefaultSingletonBeanRegistry.getSingleton(DefaultSingletonBeanRegistry.java:373)
	at org.springframework.beans.factory.support.AbstractBeanFactory.doGetBean(AbstractBeanFactory.java:337)
	at org.springframework.beans.factory.support.AbstractBeanFactory.getBean(AbstractBeanFactory.java:202)
	at org.springframework.beans.factory.support.AbstractBeanFactory.doGetBean(AbstractBeanFactory.java:315)
	at org.springframework.beans.factory.support.AbstractBeanFactory.getBean(AbstractBeanFactory.java:202)
	at org.springframework.beans.factory.config.DependencyDescriptor.resolveCandidate(DependencyDescriptor.java:254)
	at org.springframework.beans.factory.support.DefaultListableBeanFactory.doResolveDependency(DefaultListableBeanFactory.java:1770)
	at org.springframework.beans.factory.support.DefaultListableBeanFactory.resolveDependency(DefaultListableBeanFactory.java:1653)
	at org.springframework.beans.factory.support.AbstractAutowireCapableBeanFactory.autowireByType(AbstractAutowireCapableBeanFactory.java:1541)
	... 47 common frames omitted
Caused by: liquibase.exception.LiquibaseException: liquibase.exception.CommandExecutionException: liquibase.exception.ChangeLogParseException: liquibase.exception.SetupException: Error parsing line 11 column 120 of db/changelog/db.changelog-1.0.xml: cvc-complex-type.3.2.2: 元素 'sqlFile' 中不允许出现属性 'relativeToChangeLogFile'。
	at liquibase.integration.spring.SpringLiquibase.afterPropertiesSet(SpringLiquibase.java:288)
	at org.springframework.beans.factory.support.AbstractAutowireCapableBeanFactory.invokeInitMethods(AbstractAutowireCapableBeanFactory.java:1873)
	at org.springframework.beans.factory.support.AbstractAutowireCapableBeanFactory.initializeBean(AbstractAutowireCapableBeanFactory.java:1822)
	... 59 common frames omitted
Caused by: liquibase.exception.CommandExecutionException: liquibase.exception.ChangeLogParseException: liquibase.exception.SetupException: Error parsing line 11 column 120 of db/changelog/db.changelog-1.0.xml: cvc-complex-type.3.2.2: 元素 'sqlFile' 中不允许出现属性 'relativeToChangeLogFile'。
	at liquibase.command.CommandScope.lambda$execute$6(CommandScope.java:300)
	at liquibase.Scope.child(Scope.java:210)
	at liquibase.Scope.child(Scope.java:186)
	at liquibase.command.CommandScope.execute(CommandScope.java:241)
	at liquibase.Liquibase.lambda$update$0(Liquibase.java:216)
	at liquibase.Scope.lambda$child$0(Scope.java:201)
	at liquibase.Scope.child(Scope.java:210)
	at liquibase.Scope.child(Scope.java:200)
	at liquibase.Scope.child(Scope.java:179)
	at liquibase.Liquibase.runInScope(Liquibase.java:1333)
	at liquibase.Liquibase.update(Liquibase.java:205)
	at liquibase.Liquibase.update(Liquibase.java:188)
	at liquibase.integration.spring.SpringLiquibase.performUpdate(SpringLiquibase.java:326)
	at liquibase.integration.spring.SpringLiquibase.lambda$afterPropertiesSet$0(SpringLiquibase.java:278)
	at liquibase.Scope.lambda$child$0(Scope.java:201)
	at liquibase.Scope.child(Scope.java:210)
	at liquibase.Scope.child(Scope.java:200)
	at liquibase.Scope.child(Scope.java:179)
	at liquibase.integration.spring.SpringLiquibase.afterPropertiesSet(SpringLiquibase.java:271)
	... 61 common frames omitted
Caused by: liquibase.exception.ChangeLogParseException: liquibase.exception.SetupException: Error parsing line 11 column 120 of db/changelog/db.changelog-1.0.xml: cvc-complex-type.3.2.2: 元素 'sqlFile' 中不允许出现属性 'relativeToChangeLogFile'。
	at liquibase.parser.core.xml.AbstractChangeLogParser.parse(AbstractChangeLogParser.java:25)
	at liquibase.command.core.helpers.DatabaseChangelogCommandStep.lambda$getDatabaseChangeLog$0(DatabaseChangelogCommandStep.java:125)
	at liquibase.Scope.child(Scope.java:210)
	at liquibase.Scope.child(Scope.java:186)
	at liquibase.command.core.helpers.DatabaseChangelogCommandStep.getDatabaseChangeLog(DatabaseChangelogCommandStep.java:124)
	at liquibase.command.core.helpers.DatabaseChangelogCommandStep.run(DatabaseChangelogCommandStep.java:83)
	at liquibase.command.CommandScope.lambda$execute$6(CommandScope.java:253)
	... 79 common frames omitted
Caused by: liquibase.exception.SetupException: Error parsing line 11 column 120 of db/changelog/db.changelog-1.0.xml: cvc-complex-type.3.2.2: 元素 'sqlFile' 中不允许出现属性 'relativeToChangeLogFile'。
	at liquibase.changelog.DatabaseChangeLog.handleInclude(DatabaseChangeLog.java:655)
	at liquibase.changelog.DatabaseChangeLog.handleChildNodeHelper(DatabaseChangeLog.java:477)
	at liquibase.changelog.DatabaseChangeLog.handleChildNode(DatabaseChangeLog.java:462)
	at liquibase.changelog.DatabaseChangeLog.load(DatabaseChangeLog.java:429)
	at liquibase.parser.core.xml.AbstractChangeLogParser.parse(AbstractChangeLogParser.java:23)
	... 85 common frames omitted
Caused by: liquibase.exception.LiquibaseException: Error parsing line 11 column 120 of db/changelog/db.changelog-1.0.xml: cvc-complex-type.3.2.2: 元素 'sqlFile' 中不允许出现属性 'relativeToChangeLogFile'。
	at liquibase.changelog.DatabaseChangeLog.include(DatabaseChangeLog.java:1110)
	at liquibase.changelog.DatabaseChangeLog.handleInclude(DatabaseChangeLog.java:644)
	... 89 common frames omitted
Caused by: liquibase.exception.ChangeLogParseException: Error parsing line 11 column 120 of db/changelog/db.changelog-1.0.xml: cvc-complex-type.3.2.2: 元素 'sqlFile' 中不允许出现属性 'relativeToChangeLogFile'。
	at liquibase.parser.core.xml.XMLChangeLogSAXParser.parseToNode(XMLChangeLogSAXParser.java:133)
	at liquibase.parser.core.xml.AbstractChangeLogParser.parse(AbstractChangeLogParser.java:15)
	at liquibase.changelog.DatabaseChangeLog.include(DatabaseChangeLog.java:1082)
	... 90 common frames omitted
Caused by: org.xml.sax.SAXParseException; lineNumber: 11; columnNumber: 120; cvc-complex-type.3.2.2: 元素 'sqlFile' 中不允许出现属性 'relativeToChangeLogFile'。
	at java.xml/com.sun.org.apache.xerces.internal.util.ErrorHandlerWrapper.createSAXParseException(ErrorHandlerWrapper.java:204)
	at java.xml/com.sun.org.apache.xerces.internal.util.ErrorHandlerWrapper.error(ErrorHandlerWrapper.java:135)
	at java.xml/com.sun.org.apache.xerces.internal.impl.XMLErrorReporter.reportError(XMLErrorReporter.java:396)
	at java.xml/com.sun.org.apache.xerces.internal.impl.XMLErrorReporter.reportError(XMLErrorReporter.java:327)
	at java.xml/com.sun.org.apache.xerces.internal.impl.XMLErrorReporter.reportError(XMLErrorReporter.java:284)
	at java.xml/com.sun.org.apache.xerces.internal.impl.xs.XMLSchemaValidator$XSIErrorReporter.reportError(XMLSchemaValidator.java:512)
	at java.xml/com.sun.org.apache.xerces.internal.impl.xs.XMLSchemaValidator.reportSchemaError(XMLSchemaValidator.java:3596)
	at java.xml/com.sun.org.apache.xerces.internal.impl.xs.XMLSchemaValidator.processAttributes(XMLSchemaValidator.java:2993)
	at java.xml/com.sun.org.apache.xerces.internal.impl.xs.XMLSchemaValidator.handleStartElement(XMLSchemaValidator.java:2287)
	at java.xml/com.sun.org.apache.xerces.internal.impl.xs.XMLSchemaValidator.emptyElement(XMLSchemaValidator.java:850)
	at java.xml/com.sun.org.apache.xerces.internal.impl.XMLNSDocumentScannerImpl.scanStartElement(XMLNSDocumentScannerImpl.java:351)
	at java.xml/com.sun.org.apache.xerces.internal.impl.XMLDocumentFragmentScannerImpl$FragmentContentDriver.next(XMLDocumentFragmentScannerImpl.java:2726)
	at java.xml/com.sun.org.apache.xerces.internal.impl.XMLDocumentScannerImpl.next(XMLDocumentScannerImpl.java:605)
	at java.xml/com.sun.org.apache.xerces.internal.impl.XMLNSDocumentScannerImpl.next(XMLNSDocumentScannerImpl.java:112)
	at java.xml/com.sun.org.apache.xerces.internal.impl.XMLDocumentFragmentScannerImpl.scanDocument(XMLDocumentFragmentScannerImpl.java:542)
	at java.xml/com.sun.org.apache.xerces.internal.parsers.XML11Configuration.parse(XML11Configuration.java:889)
	at java.xml/com.sun.org.apache.xerces.internal.parsers.XML11Configuration.parse(XML11Configuration.java:825)
	at java.xml/com.sun.org.apache.xerces.internal.parsers.XMLParser.parse(XMLParser.java:141)
	at java.xml/com.sun.org.apache.xerces.internal.parsers.AbstractSAXParser.parse(AbstractSAXParser.java:1224)
	at java.xml/com.sun.org.apache.xerces.internal.jaxp.SAXParserImpl$JAXPSAXParser.parse(SAXParserImpl.java:637)
	at liquibase.parser.core.xml.XMLChangeLogSAXParser.parseToNode(XMLChangeLogSAXParser.java:124)
	... 92 common frames omitted
2026-02-06 01:08:18.563 [main] ERROR liquibase.parser - cvc-complex-type.3.2.2: 元素 'sqlFile' 中不允许出现属性 'relativeToChangeLogFile'。
2026-02-06 01:08:19.323 [main] ERROR org.springframework.boot.SpringApplication - Application run failed
org.springframework.beans.factory.UnsatisfiedDependencyException: Error creating bean with name 'userController': Unsatisfied dependency expressed through field 'userService': Error creating bean with name 'userServiceImpl': Unsatisfied dependency expressed through field 'baseMapper': Error creating bean with name 'userMapper' defined in file [C:\Users\18065\Downloads\fgs2026-01-24-service\target\classes\com\example\computerassociation\mapper\UserMapper.class]: Unsatisfied dependency expressed through bean property 'sqlSessionTemplate': Error creating bean with name 'liquibase' defined in class path resource [org/springframework/boot/autoconfigure/liquibase/LiquibaseAutoConfiguration$LiquibaseConfiguration.class]: liquibase.exception.CommandExecutionException: liquibase.exception.ChangeLogParseException: liquibase.exception.SetupException: Error parsing line 11 column 120 of db/changelog/db.changelog-1.0.xml: cvc-complex-type.3.2.2: 元素 'sqlFile' 中不允许出现属性 'relativeToChangeLogFile'。
	at org.springframework.beans.factory.annotation.AutowiredAnnotationBeanPostProcessor$AutowiredFieldElement.resolveFieldValue(AutowiredAnnotationBeanPostProcessor.java:787)
	at org.springframework.beans.factory.annotation.AutowiredAnnotationBeanPostProcessor$AutowiredFieldElement.inject(AutowiredAnnotationBeanPostProcessor.java:767)
	at org.springframework.beans.factory.annotation.InjectionMetadata.inject(InjectionMetadata.java:146)
	at org.springframework.beans.factory.annotation.AutowiredAnnotationBeanPostProcessor.postProcessProperties(AutowiredAnnotationBeanPostProcessor.java:509)
	at org.springframework.beans.factory.support.AbstractAutowireCapableBeanFactory.populateBean(AbstractAutowireCapableBeanFactory.java:1459)
	at org.springframework.beans.factory.support.AbstractAutowireCapableBeanFactory.doCreateBean(AbstractAutowireCapableBeanFactory.java:606)
	at org.springframework.beans.factory.support.AbstractAutowireCapableBeanFactory.createBean(AbstractAutowireCapableBeanFactory.java:529)
	at org.springframework.beans.factory.support.AbstractBeanFactory.lambda$doGetBean$0(AbstractBeanFactory.java:339)
	at org.springframework.beans.factory.support.DefaultSingletonBeanRegistry.getSingleton(DefaultSingletonBeanRegistry.java:373)
	at org.springframework.beans.factory.support.AbstractBeanFactory.doGetBean(AbstractBeanFactory.java:337)
	at org.springframework.beans.factory.support.AbstractBeanFactory.getBean(AbstractBeanFactory.java:202)
	at org.springframework.beans.factory.support.DefaultListableBeanFactory.instantiateSingleton(DefaultListableBeanFactory.java:1228)
	at org.springframework.beans.factory.support.DefaultListableBeanFactory.preInstantiateSingleton(DefaultListableBeanFactory.java:1194)
	at org.springframework.beans.factory.support.DefaultListableBeanFactory.preInstantiateSingletons(DefaultListableBeanFactory.java:1130)
	at org.springframework.context.support.AbstractApplicationContext.finishBeanFactoryInitialization(AbstractApplicationContext.java:990)
	at org.springframework.context.support.AbstractApplicationContext.refresh(AbstractApplicationContext.java:627)
	at org.springframework.boot.web.servlet.context.ServletWebServerApplicationContext.refresh(ServletWebServerApplicationContext.java:146)
	at org.springframework.boot.SpringApplication.refresh(SpringApplication.java:752)
	at org.springframework.boot.SpringApplication.refreshContext(SpringApplication.java:439)
	at org.springframework.boot.SpringApplication.run(SpringApplication.java:318)
	at org.springframework.boot.SpringApplication.run(SpringApplication.java:1361)
	at org.springframework.boot.SpringApplication.run(SpringApplication.java:1350)
	at com.example.computerassociation.ComputerAssociationApplication.main(ComputerAssociationApplication.java:13)
Caused by: org.springframework.beans.factory.UnsatisfiedDependencyException: Error creating bean with name 'userServiceImpl': Unsatisfied dependency expressed through field 'baseMapper': Error creating bean with name 'userMapper' defined in file [C:\Users\18065\Downloads\fgs2026-01-24-service\target\classes\com\example\computerassociation\mapper\UserMapper.class]: Unsatisfied dependency expressed through bean property 'sqlSessionTemplate': Error creating bean with name 'liquibase' defined in class path resource [org/springframework/boot/autoconfigure/liquibase/LiquibaseAutoConfiguration$LiquibaseConfiguration.class]: liquibase.exception.CommandExecutionException: liquibase.exception.ChangeLogParseException: liquibase.exception.SetupException: Error parsing line 11 column 120 of db/changelog/db.changelog-1.0.xml: cvc-complex-type.3.2.2: 元素 'sqlFile' 中不允许出现属性 'relativeToChangeLogFile'。
	at org.springframework.beans.factory.annotation.AutowiredAnnotationBeanPostProcessor$AutowiredFieldElement.resolveFieldValue(AutowiredAnnotationBeanPostProcessor.java:787)
	at org.springframework.beans.factory.annotation.AutowiredAnnotationBeanPostProcessor$AutowiredFieldElement.inject(AutowiredAnnotationBeanPostProcessor.java:767)
	at org.springframework.beans.factory.annotation.InjectionMetadata.inject(InjectionMetadata.java:146)
	at org.springframework.beans.factory.annotation.AutowiredAnnotationBeanPostProcessor.postProcessProperties(AutowiredAnnotationBeanPostProcessor.java:509)
	at org.springframework.beans.factory.support.AbstractAutowireCapableBeanFactory.populateBean(AbstractAutowireCapableBeanFactory.java:1459)
	at org.springframework.beans.factory.support.AbstractAutowireCapableBeanFactory.doCreateBean(AbstractAutowireCapableBeanFactory.java:606)
	at org.springframework.beans.factory.support.AbstractAutowireCapableBeanFactory.createBean(AbstractAutowireCapableBeanFactory.java:529)
	at org.springframework.beans.factory.support.AbstractBeanFactory.lambda$doGetBean$0(AbstractBeanFactory.java:339)
	at org.springframework.beans.factory.support.DefaultSingletonBeanRegistry.getSingleton(DefaultSingletonBeanRegistry.java:373)
	at org.springframework.beans.factory.support.AbstractBeanFactory.doGetBean(AbstractBeanFactory.java:337)
	at org.springframework.beans.factory.support.AbstractBeanFactory.getBean(AbstractBeanFactory.java:202)
	at org.springframework.beans.factory.config.DependencyDescriptor.resolveCandidate(DependencyDescriptor.java:254)
	at org.springframework.beans.factory.support.DefaultListableBeanFactory.doResolveDependency(DefaultListableBeanFactory.java:1770)
	at org.springframework.beans.factory.support.DefaultListableBeanFactory.resolveDependency(DefaultListableBeanFactory.java:1653)
	at org.springframework.beans.factory.annotation.AutowiredAnnotationBeanPostProcessor$AutowiredFieldElement.resolveFieldValue(AutowiredAnnotationBeanPostProcessor.java:784)
	... 22 common frames omitted
Caused by: org.springframework.beans.factory.UnsatisfiedDependencyException: Error creating bean with name 'userMapper' defined in file [C:\Users\18065\Downloads\fgs2026-01-24-service\target\classes\com\example\computerassociation\mapper\UserMapper.class]: Unsatisfied dependency expressed through bean property 'sqlSessionTemplate': Error creating bean with name 'liquibase' defined in class path resource [org/springframework/boot/autoconfigure/liquibase/LiquibaseAutoConfiguration$LiquibaseConfiguration.class]: liquibase.exception.CommandExecutionException: liquibase.exception.ChangeLogParseException: liquibase.exception.SetupException: Error parsing line 11 column 120 of db/changelog/db.changelog-1.0.xml: cvc-complex-type.3.2.2: 元素 'sqlFile' 中不允许出现属性 'relativeToChangeLogFile'。
	at org.springframework.beans.factory.support.AbstractAutowireCapableBeanFactory.autowireByType(AbstractAutowireCapableBeanFactory.java:1556)
	at org.springframework.beans.factory.support.AbstractAutowireCapableBeanFactory.populateBean(AbstractAutowireCapableBeanFactory.java:1450)
	at org.springframework.beans.factory.support.AbstractAutowireCapableBeanFactory.doCreateBean(AbstractAutowireCapableBeanFactory.java:606)
	at org.springframework.beans.factory.support.AbstractAutowireCapableBeanFactory.createBean(AbstractAutowireCapableBeanFactory.java:529)
	at org.springframework.beans.factory.support.AbstractBeanFactory.lambda$doGetBean$0(AbstractBeanFactory.java:339)
	at org.springframework.beans.factory.support.DefaultSingletonBeanRegistry.getSingleton(DefaultSingletonBeanRegistry.java:373)
	at org.springframework.beans.factory.support.AbstractBeanFactory.doGetBean(AbstractBeanFactory.java:337)
	at org.springframework.beans.factory.support.AbstractBeanFactory.getBean(AbstractBeanFactory.java:202)
	at org.springframework.beans.factory.config.DependencyDescriptor.resolveCandidate(DependencyDescriptor.java:254)
	at org.springframework.beans.factory.support.DefaultListableBeanFactory.doResolveDependency(DefaultListableBeanFactory.java:1770)
	at org.springframework.beans.factory.support.DefaultListableBeanFactory.resolveDependency(DefaultListableBeanFactory.java:1653)
	at org.springframework.beans.factory.annotation.AutowiredAnnotationBeanPostProcessor$AutowiredFieldElement.resolveFieldValue(AutowiredAnnotationBeanPostProcessor.java:784)
	... 36 common frames omitted
Caused by: org.springframework.beans.factory.BeanCreationException: Error creating bean with name 'liquibase' defined in class path resource [org/springframework/boot/autoconfigure/liquibase/LiquibaseAutoConfiguration$LiquibaseConfiguration.class]: liquibase.exception.CommandExecutionException: liquibase.exception.ChangeLogParseException: liquibase.exception.SetupException: Error parsing line 11 column 120 of db/changelog/db.changelog-1.0.xml: cvc-complex-type.3.2.2: 元素 'sqlFile' 中不允许出现属性 'relativeToChangeLogFile'。
	at org.springframework.beans.factory.support.AbstractAutowireCapableBeanFactory.initializeBean(AbstractAutowireCapableBeanFactory.java:1826)
	at org.springframework.beans.factory.support.AbstractAutowireCapableBeanFactory.doCreateBean(AbstractAutowireCapableBeanFactory.java:607)
	at org.springframework.beans.factory.support.AbstractAutowireCapableBeanFactory.createBean(AbstractAutowireCapableBeanFactory.java:529)
	at org.springframework.beans.factory.support.AbstractBeanFactory.lambda$doGetBean$0(AbstractBeanFactory.java:339)
	at org.springframework.beans.factory.support.DefaultSingletonBeanRegistry.getSingleton(DefaultSingletonBeanRegistry.java:373)
	at org.springframework.beans.factory.support.AbstractBeanFactory.doGetBean(AbstractBeanFactory.java:337)
	at org.springframework.beans.factory.support.AbstractBeanFactory.getBean(AbstractBeanFactory.java:202)
	at org.springframework.beans.factory.support.AbstractBeanFactory.doGetBean(AbstractBeanFactory.java:315)
	at org.springframework.beans.factory.support.AbstractBeanFactory.getBean(AbstractBeanFactory.java:202)
	at org.springframework.beans.factory.config.DependencyDescriptor.resolveCandidate(DependencyDescriptor.java:254)
	at org.springframework.beans.factory.support.DefaultListableBeanFactory.doResolveDependency(DefaultListableBeanFactory.java:1770)
	at org.springframework.beans.factory.support.DefaultListableBeanFactory.resolveDependency(DefaultListableBeanFactory.java:1653)
	at org.springframework.beans.factory.support.AbstractAutowireCapableBeanFactory.autowireByType(AbstractAutowireCapableBeanFactory.java:1541)
	... 47 common frames omitted
Caused by: liquibase.exception.LiquibaseException: liquibase.exception.CommandExecutionException: liquibase.exception.ChangeLogParseException: liquibase.exception.SetupException: Error parsing line 11 column 120 of db/changelog/db.changelog-1.0.xml: cvc-complex-type.3.2.2: 元素 'sqlFile' 中不允许出现属性 'relativeToChangeLogFile'。
	at liquibase.integration.spring.SpringLiquibase.afterPropertiesSet(SpringLiquibase.java:288)
	at org.springframework.beans.factory.support.AbstractAutowireCapableBeanFactory.invokeInitMethods(AbstractAutowireCapableBeanFactory.java:1873)
	at org.springframework.beans.factory.support.AbstractAutowireCapableBeanFactory.initializeBean(AbstractAutowireCapableBeanFactory.java:1822)
	... 59 common frames omitted
Caused by: liquibase.exception.CommandExecutionException: liquibase.exception.ChangeLogParseException: liquibase.exception.SetupException: Error parsing line 11 column 120 of db/changelog/db.changelog-1.0.xml: cvc-complex-type.3.2.2: 元素 'sqlFile' 中不允许出现属性 'relativeToChangeLogFile'。
	at liquibase.command.CommandScope.lambda$execute$6(CommandScope.java:300)
	at liquibase.Scope.child(Scope.java:210)
	at liquibase.Scope.child(Scope.java:186)
	at liquibase.command.CommandScope.execute(CommandScope.java:241)
	at liquibase.Liquibase.lambda$update$0(Liquibase.java:216)
	at liquibase.Scope.lambda$child$0(Scope.java:201)
	at liquibase.Scope.child(Scope.java:210)
	at liquibase.Scope.child(Scope.java:200)
	at liquibase.Scope.child(Scope.java:179)
	at liquibase.Liquibase.runInScope(Liquibase.java:1333)
	at liquibase.Liquibase.update(Liquibase.java:205)
	at liquibase.Liquibase.update(Liquibase.java:188)
	at liquibase.integration.spring.SpringLiquibase.performUpdate(SpringLiquibase.java:326)
	at liquibase.integration.spring.SpringLiquibase.lambda$afterPropertiesSet$0(SpringLiquibase.java:278)
	at liquibase.Scope.lambda$child$0(Scope.java:201)
	at liquibase.Scope.child(Scope.java:210)
	at liquibase.Scope.child(Scope.java:200)
	at liquibase.Scope.child(Scope.java:179)
	at liquibase.integration.spring.SpringLiquibase.afterPropertiesSet(SpringLiquibase.java:271)
	... 61 common frames omitted
Caused by: liquibase.exception.ChangeLogParseException: liquibase.exception.SetupException: Error parsing line 11 column 120 of db/changelog/db.changelog-1.0.xml: cvc-complex-type.3.2.2: 元素 'sqlFile' 中不允许出现属性 'relativeToChangeLogFile'。
	at liquibase.parser.core.xml.AbstractChangeLogParser.parse(AbstractChangeLogParser.java:25)
	at liquibase.command.core.helpers.DatabaseChangelogCommandStep.lambda$getDatabaseChangeLog$0(DatabaseChangelogCommandStep.java:125)
	at liquibase.Scope.child(Scope.java:210)
	at liquibase.Scope.child(Scope.java:186)
	at liquibase.command.core.helpers.DatabaseChangelogCommandStep.getDatabaseChangeLog(DatabaseChangelogCommandStep.java:124)
	at liquibase.command.core.helpers.DatabaseChangelogCommandStep.run(DatabaseChangelogCommandStep.java:83)
	at liquibase.command.CommandScope.lambda$execute$6(CommandScope.java:253)
	... 79 common frames omitted
Caused by: liquibase.exception.SetupException: Error parsing line 11 column 120 of db/changelog/db.changelog-1.0.xml: cvc-complex-type.3.2.2: 元素 'sqlFile' 中不允许出现属性 'relativeToChangeLogFile'。
	at liquibase.changelog.DatabaseChangeLog.handleInclude(DatabaseChangeLog.java:655)
	at liquibase.changelog.DatabaseChangeLog.handleChildNodeHelper(DatabaseChangeLog.java:477)
	at liquibase.changelog.DatabaseChangeLog.handleChildNode(DatabaseChangeLog.java:462)
	at liquibase.changelog.DatabaseChangeLog.load(DatabaseChangeLog.java:429)
	at liquibase.parser.core.xml.AbstractChangeLogParser.parse(AbstractChangeLogParser.java:23)
	... 85 common frames omitted
Caused by: liquibase.exception.LiquibaseException: Error parsing line 11 column 120 of db/changelog/db.changelog-1.0.xml: cvc-complex-type.3.2.2: 元素 'sqlFile' 中不允许出现属性 'relativeToChangeLogFile'。
	at liquibase.changelog.DatabaseChangeLog.include(DatabaseChangeLog.java:1110)
	at liquibase.changelog.DatabaseChangeLog.handleInclude(DatabaseChangeLog.java:644)
	... 89 common frames omitted
Caused by: liquibase.exception.ChangeLogParseException: Error parsing line 11 column 120 of db/changelog/db.changelog-1.0.xml: cvc-complex-type.3.2.2: 元素 'sqlFile' 中不允许出现属性 'relativeToChangeLogFile'。
	at liquibase.parser.core.xml.XMLChangeLogSAXParser.parseToNode(XMLChangeLogSAXParser.java:133)
	at liquibase.parser.core.xml.AbstractChangeLogParser.parse(AbstractChangeLogParser.java:15)
	at liquibase.changelog.DatabaseChangeLog.include(DatabaseChangeLog.java:1082)
	... 90 common frames omitted
Caused by: org.xml.sax.SAXParseException; lineNumber: 11; columnNumber: 120; cvc-complex-type.3.2.2: 元素 'sqlFile' 中不允许出现属性 'relativeToChangeLogFile'。
	at java.xml/com.sun.org.apache.xerces.internal.util.ErrorHandlerWrapper.createSAXParseException(ErrorHandlerWrapper.java:204)
	at java.xml/com.sun.org.apache.xerces.internal.util.ErrorHandlerWrapper.error(ErrorHandlerWrapper.java:135)
	at java.xml/com.sun.org.apache.xerces.internal.impl.XMLErrorReporter.reportError(XMLErrorReporter.java:396)
	at java.xml/com.sun.org.apache.xerces.internal.impl.XMLErrorReporter.reportError(XMLErrorReporter.java:327)
	at java.xml/com.sun.org.apache.xerces.internal.impl.XMLErrorReporter.reportError(XMLErrorReporter.java:284)
	at java.xml/com.sun.org.apache.xerces.internal.impl.xs.XMLSchemaValidator$XSIErrorReporter.reportError(XMLSchemaValidator.java:512)
	at java.xml/com.sun.org.apache.xerces.internal.impl.xs.XMLSchemaValidator.reportSchemaError(XMLSchemaValidator.java:3596)
	at java.xml/com.sun.org.apache.xerces.internal.impl.xs.XMLSchemaValidator.processAttributes(XMLSchemaValidator.java:2993)
	at java.xml/com.sun.org.apache.xerces.internal.impl.xs.XMLSchemaValidator.handleStartElement(XMLSchemaValidator.java:2287)
	at java.xml/com.sun.org.apache.xerces.internal.impl.xs.XMLSchemaValidator.emptyElement(XMLSchemaValidator.java:850)
	at java.xml/com.sun.org.apache.xerces.internal.impl.XMLNSDocumentScannerImpl.scanStartElement(XMLNSDocumentScannerImpl.java:351)
	at java.xml/com.sun.org.apache.xerces.internal.impl.XMLDocumentFragmentScannerImpl$FragmentContentDriver.next(XMLDocumentFragmentScannerImpl.java:2726)
	at java.xml/com.sun.org.apache.xerces.internal.impl.XMLDocumentScannerImpl.next(XMLDocumentScannerImpl.java:605)
	at java.xml/com.sun.org.apache.xerces.internal.impl.XMLNSDocumentScannerImpl.next(XMLNSDocumentScannerImpl.java:112)
	at java.xml/com.sun.org.apache.xerces.internal.impl.XMLDocumentFragmentScannerImpl.scanDocument(XMLDocumentFragmentScannerImpl.java:542)
	at java.xml/com.sun.org.apache.xerces.internal.parsers.XML11Configuration.parse(XML11Configuration.java:889)
	at java.xml/com.sun.org.apache.xerces.internal.parsers.XML11Configuration.parse(XML11Configuration.java:825)
	at java.xml/com.sun.org.apache.xerces.internal.parsers.XMLParser.parse(XMLParser.java:141)
	at java.xml/com.sun.org.apache.xerces.internal.parsers.AbstractSAXParser.parse(AbstractSAXParser.java:1224)
	at java.xml/com.sun.org.apache.xerces.internal.jaxp.SAXParserImpl$JAXPSAXParser.parse(SAXParserImpl.java:637)
	at liquibase.parser.core.xml.XMLChangeLogSAXParser.parseToNode(XMLChangeLogSAXParser.java:124)
	... 92 common frames omitted
2026-02-06 01:15:30.300 [main] ERROR liquibase.parser - cvc-complex-type.3.2.2: 元素 'sqlFile' 中不允许出现属性 'relativeToChangeLogFile'。
2026-02-06 01:15:31.394 [main] ERROR org.springframework.boot.SpringApplication - Application run failed
org.springframework.beans.factory.UnsatisfiedDependencyException: Error creating bean with name 'userController': Unsatisfied dependency expressed through field 'userService': Error creating bean with name 'userServiceImpl': Unsatisfied dependency expressed through field 'baseMapper': Error creating bean with name 'userMapper' defined in file [C:\Users\18065\Downloads\fgs2026-01-24-service\target\classes\com\example\computerassociation\mapper\UserMapper.class]: Unsatisfied dependency expressed through bean property 'sqlSessionTemplate': Error creating bean with name 'liquibase' defined in class path resource [org/springframework/boot/autoconfigure/liquibase/LiquibaseAutoConfiguration$LiquibaseConfiguration.class]: liquibase.exception.CommandExecutionException: liquibase.exception.ChangeLogParseException: liquibase.exception.SetupException: Error parsing line 11 column 127 of db/changelog/db.changelog-1.0.xml: cvc-complex-type.3.2.2: 元素 'sqlFile' 中不允许出现属性 'relativeToChangeLogFile'。
	at org.springframework.beans.factory.annotation.AutowiredAnnotationBeanPostProcessor$AutowiredFieldElement.resolveFieldValue(AutowiredAnnotationBeanPostProcessor.java:787)
	at org.springframework.beans.factory.annotation.AutowiredAnnotationBeanPostProcessor$AutowiredFieldElement.inject(AutowiredAnnotationBeanPostProcessor.java:767)
	at org.springframework.beans.factory.annotation.InjectionMetadata.inject(InjectionMetadata.java:146)
	at org.springframework.beans.factory.annotation.AutowiredAnnotationBeanPostProcessor.postProcessProperties(AutowiredAnnotationBeanPostProcessor.java:509)
	at org.springframework.beans.factory.support.AbstractAutowireCapableBeanFactory.populateBean(AbstractAutowireCapableBeanFactory.java:1459)
	at org.springframework.beans.factory.support.AbstractAutowireCapableBeanFactory.doCreateBean(AbstractAutowireCapableBeanFactory.java:606)
	at org.springframework.beans.factory.support.AbstractAutowireCapableBeanFactory.createBean(AbstractAutowireCapableBeanFactory.java:529)
	at org.springframework.beans.factory.support.AbstractBeanFactory.lambda$doGetBean$0(AbstractBeanFactory.java:339)
	at org.springframework.beans.factory.support.DefaultSingletonBeanRegistry.getSingleton(DefaultSingletonBeanRegistry.java:373)
	at org.springframework.beans.factory.support.AbstractBeanFactory.doGetBean(AbstractBeanFactory.java:337)
	at org.springframework.beans.factory.support.AbstractBeanFactory.getBean(AbstractBeanFactory.java:202)
	at org.springframework.beans.factory.support.DefaultListableBeanFactory.instantiateSingleton(DefaultListableBeanFactory.java:1228)
	at org.springframework.beans.factory.support.DefaultListableBeanFactory.preInstantiateSingleton(DefaultListableBeanFactory.java:1194)
	at org.springframework.beans.factory.support.DefaultListableBeanFactory.preInstantiateSingletons(DefaultListableBeanFactory.java:1130)
	at org.springframework.context.support.AbstractApplicationContext.finishBeanFactoryInitialization(AbstractApplicationContext.java:990)
	at org.springframework.context.support.AbstractApplicationContext.refresh(AbstractApplicationContext.java:627)
	at org.springframework.boot.web.servlet.context.ServletWebServerApplicationContext.refresh(ServletWebServerApplicationContext.java:146)
	at org.springframework.boot.SpringApplication.refresh(SpringApplication.java:752)
	at org.springframework.boot.SpringApplication.refreshContext(SpringApplication.java:439)
	at org.springframework.boot.SpringApplication.run(SpringApplication.java:318)
	at org.springframework.boot.SpringApplication.run(SpringApplication.java:1361)
	at org.springframework.boot.SpringApplication.run(SpringApplication.java:1350)
	at com.example.computerassociation.ComputerAssociationApplication.main(ComputerAssociationApplication.java:13)
Caused by: org.springframework.beans.factory.UnsatisfiedDependencyException: Error creating bean with name 'userServiceImpl': Unsatisfied dependency expressed through field 'baseMapper': Error creating bean with name 'userMapper' defined in file [C:\Users\18065\Downloads\fgs2026-01-24-service\target\classes\com\example\computerassociation\mapper\UserMapper.class]: Unsatisfied dependency expressed through bean property 'sqlSessionTemplate': Error creating bean with name 'liquibase' defined in class path resource [org/springframework/boot/autoconfigure/liquibase/LiquibaseAutoConfiguration$LiquibaseConfiguration.class]: liquibase.exception.CommandExecutionException: liquibase.exception.ChangeLogParseException: liquibase.exception.SetupException: Error parsing line 11 column 127 of db/changelog/db.changelog-1.0.xml: cvc-complex-type.3.2.2: 元素 'sqlFile' 中不允许出现属性 'relativeToChangeLogFile'。
	at org.springframework.beans.factory.annotation.AutowiredAnnotationBeanPostProcessor$AutowiredFieldElement.resolveFieldValue(AutowiredAnnotationBeanPostProcessor.java:787)
	at org.springframework.beans.factory.annotation.AutowiredAnnotationBeanPostProcessor$AutowiredFieldElement.inject(AutowiredAnnotationBeanPostProcessor.java:767)
	at org.springframework.beans.factory.annotation.InjectionMetadata.inject(InjectionMetadata.java:146)
	at org.springframework.beans.factory.annotation.AutowiredAnnotationBeanPostProcessor.postProcessProperties(AutowiredAnnotationBeanPostProcessor.java:509)
	at org.springframework.beans.factory.support.AbstractAutowireCapableBeanFactory.populateBean(AbstractAutowireCapableBeanFactory.java:1459)
	at org.springframework.beans.factory.support.AbstractAutowireCapableBeanFactory.doCreateBean(AbstractAutowireCapableBeanFactory.java:606)
	at org.springframework.beans.factory.support.AbstractAutowireCapableBeanFactory.createBean(AbstractAutowireCapableBeanFactory.java:529)
	at org.springframework.beans.factory.support.AbstractBeanFactory.lambda$doGetBean$0(AbstractBeanFactory.java:339)
	at org.springframework.beans.factory.support.DefaultSingletonBeanRegistry.getSingleton(DefaultSingletonBeanRegistry.java:373)
	at org.springframework.beans.factory.support.AbstractBeanFactory.doGetBean(AbstractBeanFactory.java:337)
	at org.springframework.beans.factory.support.AbstractBeanFactory.getBean(AbstractBeanFactory.java:202)
	at org.springframework.beans.factory.config.DependencyDescriptor.resolveCandidate(DependencyDescriptor.java:254)
	at org.springframework.beans.factory.support.DefaultListableBeanFactory.doResolveDependency(DefaultListableBeanFactory.java:1770)
	at org.springframework.beans.factory.support.DefaultListableBeanFactory.resolveDependency(DefaultListableBeanFactory.java:1653)
	at org.springframework.beans.factory.annotation.AutowiredAnnotationBeanPostProcessor$AutowiredFieldElement.resolveFieldValue(AutowiredAnnotationBeanPostProcessor.java:784)
	... 22 common frames omitted
Caused by: org.springframework.beans.factory.UnsatisfiedDependencyException: Error creating bean with name 'userMapper' defined in file [C:\Users\18065\Downloads\fgs2026-01-24-service\target\classes\com\example\computerassociation\mapper\UserMapper.class]: Unsatisfied dependency expressed through bean property 'sqlSessionTemplate': Error creating bean with name 'liquibase' defined in class path resource [org/springframework/boot/autoconfigure/liquibase/LiquibaseAutoConfiguration$LiquibaseConfiguration.class]: liquibase.exception.CommandExecutionException: liquibase.exception.ChangeLogParseException: liquibase.exception.SetupException: Error parsing line 11 column 127 of db/changelog/db.changelog-1.0.xml: cvc-complex-type.3.2.2: 元素 'sqlFile' 中不允许出现属性 'relativeToChangeLogFile'。
	at org.springframework.beans.factory.support.AbstractAutowireCapableBeanFactory.autowireByType(AbstractAutowireCapableBeanFactory.java:1556)
	at org.springframework.beans.factory.support.AbstractAutowireCapableBeanFactory.populateBean(AbstractAutowireCapableBeanFactory.java:1450)
	at org.springframework.beans.factory.support.AbstractAutowireCapableBeanFactory.doCreateBean(AbstractAutowireCapableBeanFactory.java:606)
	at org.springframework.beans.factory.support.AbstractAutowireCapableBeanFactory.createBean(AbstractAutowireCapableBeanFactory.java:529)
	at org.springframework.beans.factory.support.AbstractBeanFactory.lambda$doGetBean$0(AbstractBeanFactory.java:339)
	at org.springframework.beans.factory.support.DefaultSingletonBeanRegistry.getSingleton(DefaultSingletonBeanRegistry.java:373)
	at org.springframework.beans.factory.support.AbstractBeanFactory.doGetBean(AbstractBeanFactory.java:337)
	at org.springframework.beans.factory.support.AbstractBeanFactory.getBean(AbstractBeanFactory.java:202)
	at org.springframework.beans.factory.config.DependencyDescriptor.resolveCandidate(DependencyDescriptor.java:254)
	at org.springframework.beans.factory.support.DefaultListableBeanFactory.doResolveDependency(DefaultListableBeanFactory.java:1770)
	at org.springframework.beans.factory.support.DefaultListableBeanFactory.resolveDependency(DefaultListableBeanFactory.java:1653)
	at org.springframework.beans.factory.annotation.AutowiredAnnotationBeanPostProcessor$AutowiredFieldElement.resolveFieldValue(AutowiredAnnotationBeanPostProcessor.java:784)
	... 36 common frames omitted
Caused by: org.springframework.beans.factory.BeanCreationException: Error creating bean with name 'liquibase' defined in class path resource [org/springframework/boot/autoconfigure/liquibase/LiquibaseAutoConfiguration$LiquibaseConfiguration.class]: liquibase.exception.CommandExecutionException: liquibase.exception.ChangeLogParseException: liquibase.exception.SetupException: Error parsing line 11 column 127 of db/changelog/db.changelog-1.0.xml: cvc-complex-type.3.2.2: 元素 'sqlFile' 中不允许出现属性 'relativeToChangeLogFile'。
	at org.springframework.beans.factory.support.AbstractAutowireCapableBeanFactory.initializeBean(AbstractAutowireCapableBeanFactory.java:1826)
	at org.springframework.beans.factory.support.AbstractAutowireCapableBeanFactory.doCreateBean(AbstractAutowireCapableBeanFactory.java:607)
	at org.springframework.beans.factory.support.AbstractAutowireCapableBeanFactory.createBean(AbstractAutowireCapableBeanFactory.java:529)
	at org.springframework.beans.factory.support.AbstractBeanFactory.lambda$doGetBean$0(AbstractBeanFactory.java:339)
	at org.springframework.beans.factory.support.DefaultSingletonBeanRegistry.getSingleton(DefaultSingletonBeanRegistry.java:373)
	at org.springframework.beans.factory.support.AbstractBeanFactory.doGetBean(AbstractBeanFactory.java:337)
	at org.springframework.beans.factory.support.AbstractBeanFactory.getBean(AbstractBeanFactory.java:202)
	at org.springframework.beans.factory.support.AbstractBeanFactory.doGetBean(AbstractBeanFactory.java:315)
	at org.springframework.beans.factory.support.AbstractBeanFactory.getBean(AbstractBeanFactory.java:202)
	at org.springframework.beans.factory.config.DependencyDescriptor.resolveCandidate(DependencyDescriptor.java:254)
	at org.springframework.beans.factory.support.DefaultListableBeanFactory.doResolveDependency(DefaultListableBeanFactory.java:1770)
	at org.springframework.beans.factory.support.DefaultListableBeanFactory.resolveDependency(DefaultListableBeanFactory.java:1653)
	at org.springframework.beans.factory.support.AbstractAutowireCapableBeanFactory.autowireByType(AbstractAutowireCapableBeanFactory.java:1541)
	... 47 common frames omitted
Caused by: liquibase.exception.LiquibaseException: liquibase.exception.CommandExecutionException: liquibase.exception.ChangeLogParseException: liquibase.exception.SetupException: Error parsing line 11 column 127 of db/changelog/db.changelog-1.0.xml: cvc-complex-type.3.2.2: 元素 'sqlFile' 中不允许出现属性 'relativeToChangeLogFile'。
	at liquibase.integration.spring.SpringLiquibase.afterPropertiesSet(SpringLiquibase.java:288)
	at org.springframework.beans.factory.support.AbstractAutowireCapableBeanFactory.invokeInitMethods(AbstractAutowireCapableBeanFactory.java:1873)
	at org.springframework.beans.factory.support.AbstractAutowireCapableBeanFactory.initializeBean(AbstractAutowireCapableBeanFactory.java:1822)
	... 59 common frames omitted
Caused by: liquibase.exception.CommandExecutionException: liquibase.exception.ChangeLogParseException: liquibase.exception.SetupException: Error parsing line 11 column 127 of db/changelog/db.changelog-1.0.xml: cvc-complex-type.3.2.2: 元素 'sqlFile' 中不允许出现属性 'relativeToChangeLogFile'。
	at liquibase.command.CommandScope.lambda$execute$6(CommandScope.java:300)
	at liquibase.Scope.child(Scope.java:210)
	at liquibase.Scope.child(Scope.java:186)
	at liquibase.command.CommandScope.execute(CommandScope.java:241)
	at liquibase.Liquibase.lambda$update$0(Liquibase.java:216)
	at liquibase.Scope.lambda$child$0(Scope.java:201)
	at liquibase.Scope.child(Scope.java:210)
	at liquibase.Scope.child(Scope.java:200)
	at liquibase.Scope.child(Scope.java:179)
	at liquibase.Liquibase.runInScope(Liquibase.java:1333)
	at liquibase.Liquibase.update(Liquibase.java:205)
	at liquibase.Liquibase.update(Liquibase.java:188)
	at liquibase.integration.spring.SpringLiquibase.performUpdate(SpringLiquibase.java:326)
	at liquibase.integration.spring.SpringLiquibase.lambda$afterPropertiesSet$0(SpringLiquibase.java:278)
	at liquibase.Scope.lambda$child$0(Scope.java:201)
	at liquibase.Scope.child(Scope.java:210)
	at liquibase.Scope.child(Scope.java:200)
	at liquibase.Scope.child(Scope.java:179)
	at liquibase.integration.spring.SpringLiquibase.afterPropertiesSet(SpringLiquibase.java:271)
	... 61 common frames omitted
Caused by: liquibase.exception.ChangeLogParseException: liquibase.exception.SetupException: Error parsing line 11 column 127 of db/changelog/db.changelog-1.0.xml: cvc-complex-type.3.2.2: 元素 'sqlFile' 中不允许出现属性 'relativeToChangeLogFile'。
	at liquibase.parser.core.xml.AbstractChangeLogParser.parse(AbstractChangeLogParser.java:25)
	at liquibase.command.core.helpers.DatabaseChangelogCommandStep.lambda$getDatabaseChangeLog$0(DatabaseChangelogCommandStep.java:125)
	at liquibase.Scope.child(Scope.java:210)
	at liquibase.Scope.child(Scope.java:186)
	at liquibase.command.core.helpers.DatabaseChangelogCommandStep.getDatabaseChangeLog(DatabaseChangelogCommandStep.java:124)
	at liquibase.command.core.helpers.DatabaseChangelogCommandStep.run(DatabaseChangelogCommandStep.java:83)
	at liquibase.command.CommandScope.lambda$execute$6(CommandScope.java:253)
	... 79 common frames omitted
Caused by: liquibase.exception.SetupException: Error parsing line 11 column 127 of db/changelog/db.changelog-1.0.xml: cvc-complex-type.3.2.2: 元素 'sqlFile' 中不允许出现属性 'relativeToChangeLogFile'。
	at liquibase.changelog.DatabaseChangeLog.handleInclude(DatabaseChangeLog.java:655)
	at liquibase.changelog.DatabaseChangeLog.handleChildNodeHelper(DatabaseChangeLog.java:477)
	at liquibase.changelog.DatabaseChangeLog.handleChildNode(DatabaseChangeLog.java:462)
	at liquibase.changelog.DatabaseChangeLog.load(DatabaseChangeLog.java:429)
	at liquibase.parser.core.xml.AbstractChangeLogParser.parse(AbstractChangeLogParser.java:23)
	... 85 common frames omitted
Caused by: liquibase.exception.LiquibaseException: Error parsing line 11 column 127 of db/changelog/db.changelog-1.0.xml: cvc-complex-type.3.2.2: 元素 'sqlFile' 中不允许出现属性 'relativeToChangeLogFile'。
	at liquibase.changelog.DatabaseChangeLog.include(DatabaseChangeLog.java:1110)
	at liquibase.changelog.DatabaseChangeLog.handleInclude(DatabaseChangeLog.java:644)
	... 89 common frames omitted
Caused by: liquibase.exception.ChangeLogParseException: Error parsing line 11 column 127 of db/changelog/db.changelog-1.0.xml: cvc-complex-type.3.2.2: 元素 'sqlFile' 中不允许出现属性 'relativeToChangeLogFile'。
	at liquibase.parser.core.xml.XMLChangeLogSAXParser.parseToNode(XMLChangeLogSAXParser.java:133)
	at liquibase.parser.core.xml.AbstractChangeLogParser.parse(AbstractChangeLogParser.java:15)
	at liquibase.changelog.DatabaseChangeLog.include(DatabaseChangeLog.java:1082)
	... 90 common frames omitted
Caused by: org.xml.sax.SAXParseException; lineNumber: 11; columnNumber: 127; cvc-complex-type.3.2.2: 元素 'sqlFile' 中不允许出现属性 'relativeToChangeLogFile'。
	at java.xml/com.sun.org.apache.xerces.internal.util.ErrorHandlerWrapper.createSAXParseException(ErrorHandlerWrapper.java:204)
	at java.xml/com.sun.org.apache.xerces.internal.util.ErrorHandlerWrapper.error(ErrorHandlerWrapper.java:135)
	at java.xml/com.sun.org.apache.xerces.internal.impl.XMLErrorReporter.reportError(XMLErrorReporter.java:396)
	at java.xml/com.sun.org.apache.xerces.internal.impl.XMLErrorReporter.reportError(XMLErrorReporter.java:327)
	at java.xml/com.sun.org.apache.xerces.internal.impl.XMLErrorReporter.reportError(XMLErrorReporter.java:284)
	at java.xml/com.sun.org.apache.xerces.internal.impl.xs.XMLSchemaValidator$XSIErrorReporter.reportError(XMLSchemaValidator.java:512)
	at java.xml/com.sun.org.apache.xerces.internal.impl.xs.XMLSchemaValidator.reportSchemaError(XMLSchemaValidator.java:3596)
	at java.xml/com.sun.org.apache.xerces.internal.impl.xs.XMLSchemaValidator.processAttributes(XMLSchemaValidator.java:2993)
	at java.xml/com.sun.org.apache.xerces.internal.impl.xs.XMLSchemaValidator.handleStartElement(XMLSchemaValidator.java:2287)
	at java.xml/com.sun.org.apache.xerces.internal.impl.xs.XMLSchemaValidator.emptyElement(XMLSchemaValidator.java:850)
	at java.xml/com.sun.org.apache.xerces.internal.impl.XMLNSDocumentScannerImpl.scanStartElement(XMLNSDocumentScannerImpl.java:351)
	at java.xml/com.sun.org.apache.xerces.internal.impl.XMLDocumentFragmentScannerImpl$FragmentContentDriver.next(XMLDocumentFragmentScannerImpl.java:2726)
	at java.xml/com.sun.org.apache.xerces.internal.impl.XMLDocumentScannerImpl.next(XMLDocumentScannerImpl.java:605)
	at java.xml/com.sun.org.apache.xerces.internal.impl.XMLNSDocumentScannerImpl.next(XMLNSDocumentScannerImpl.java:112)
	at java.xml/com.sun.org.apache.xerces.internal.impl.XMLDocumentFragmentScannerImpl.scanDocument(XMLDocumentFragmentScannerImpl.java:542)
	at java.xml/com.sun.org.apache.xerces.internal.parsers.XML11Configuration.parse(XML11Configuration.java:889)
	at java.xml/com.sun.org.apache.xerces.internal.parsers.XML11Configuration.parse(XML11Configuration.java:825)
	at java.xml/com.sun.org.apache.xerces.internal.parsers.XMLParser.parse(XMLParser.java:141)
	at java.xml/com.sun.org.apache.xerces.internal.parsers.AbstractSAXParser.parse(AbstractSAXParser.java:1224)
	at java.xml/com.sun.org.apache.xerces.internal.jaxp.SAXParserImpl$JAXPSAXParser.parse(SAXParserImpl.java:637)
	at liquibase.parser.core.xml.XMLChangeLogSAXParser.parseToNode(XMLChangeLogSAXParser.java:124)
	... 92 common frames omitted
2026-02-06 01:16:54.556 [main] ERROR org.springframework.boot.SpringApplication - Application run failed
org.springframework.beans.factory.UnsatisfiedDependencyException: Error creating bean with name 'userController': Unsatisfied dependency expressed through field 'userService': Error creating bean with name 'userServiceImpl': Unsatisfied dependency expressed through field 'baseMapper': Error creating bean with name 'userMapper' defined in file [C:\Users\18065\Downloads\fgs2026-01-24-service\target\classes\com\example\computerassociation\mapper\UserMapper.class]: Unsatisfied dependency expressed through bean property 'sqlSessionTemplate': Error creating bean with name 'liquibase' defined in class path resource [org/springframework/boot/autoconfigure/liquibase/LiquibaseAutoConfiguration$LiquibaseConfiguration.class]: liquibase.exception.CommandExecutionException: liquibase.exception.ValidationFailedException: Validation Failed:
     1 changes have validation failures
          The file ../resources/sql/Users.sql was not found in the configured search path:
    - Spring classpath
More locations can be added with the 'searchPath' parameter., db/changelog/db.changelog-1.0.xml::1.0::developer

	at org.springframework.beans.factory.annotation.AutowiredAnnotationBeanPostProcessor$AutowiredFieldElement.resolveFieldValue(AutowiredAnnotationBeanPostProcessor.java:787)
	at org.springframework.beans.factory.annotation.AutowiredAnnotationBeanPostProcessor$AutowiredFieldElement.inject(AutowiredAnnotationBeanPostProcessor.java:767)
	at org.springframework.beans.factory.annotation.InjectionMetadata.inject(InjectionMetadata.java:146)
	at org.springframework.beans.factory.annotation.AutowiredAnnotationBeanPostProcessor.postProcessProperties(AutowiredAnnotationBeanPostProcessor.java:509)
	at org.springframework.beans.factory.support.AbstractAutowireCapableBeanFactory.populateBean(AbstractAutowireCapableBeanFactory.java:1459)
	at org.springframework.beans.factory.support.AbstractAutowireCapableBeanFactory.doCreateBean(AbstractAutowireCapableBeanFactory.java:606)
	at org.springframework.beans.factory.support.AbstractAutowireCapableBeanFactory.createBean(AbstractAutowireCapableBeanFactory.java:529)
	at org.springframework.beans.factory.support.AbstractBeanFactory.lambda$doGetBean$0(AbstractBeanFactory.java:339)
	at org.springframework.beans.factory.support.DefaultSingletonBeanRegistry.getSingleton(DefaultSingletonBeanRegistry.java:373)
	at org.springframework.beans.factory.support.AbstractBeanFactory.doGetBean(AbstractBeanFactory.java:337)
	at org.springframework.beans.factory.support.AbstractBeanFactory.getBean(AbstractBeanFactory.java:202)
	at org.springframework.beans.factory.support.DefaultListableBeanFactory.instantiateSingleton(DefaultListableBeanFactory.java:1228)
	at org.springframework.beans.factory.support.DefaultListableBeanFactory.preInstantiateSingleton(DefaultListableBeanFactory.java:1194)
	at org.springframework.beans.factory.support.DefaultListableBeanFactory.preInstantiateSingletons(DefaultListableBeanFactory.java:1130)
	at org.springframework.context.support.AbstractApplicationContext.finishBeanFactoryInitialization(AbstractApplicationContext.java:990)
	at org.springframework.context.support.AbstractApplicationContext.refresh(AbstractApplicationContext.java:627)
	at org.springframework.boot.web.servlet.context.ServletWebServerApplicationContext.refresh(ServletWebServerApplicationContext.java:146)
	at org.springframework.boot.SpringApplication.refresh(SpringApplication.java:752)
	at org.springframework.boot.SpringApplication.refreshContext(SpringApplication.java:439)
	at org.springframework.boot.SpringApplication.run(SpringApplication.java:318)
	at org.springframework.boot.SpringApplication.run(SpringApplication.java:1361)
	at org.springframework.boot.SpringApplication.run(SpringApplication.java:1350)
	at com.example.computerassociation.ComputerAssociationApplication.main(ComputerAssociationApplication.java:13)
Caused by: org.springframework.beans.factory.UnsatisfiedDependencyException: Error creating bean with name 'userServiceImpl': Unsatisfied dependency expressed through field 'baseMapper': Error creating bean with name 'userMapper' defined in file [C:\Users\18065\Downloads\fgs2026-01-24-service\target\classes\com\example\computerassociation\mapper\UserMapper.class]: Unsatisfied dependency expressed through bean property 'sqlSessionTemplate': Error creating bean with name 'liquibase' defined in class path resource [org/springframework/boot/autoconfigure/liquibase/LiquibaseAutoConfiguration$LiquibaseConfiguration.class]: liquibase.exception.CommandExecutionException: liquibase.exception.ValidationFailedException: Validation Failed:
     1 changes have validation failures
          The file ../resources/sql/Users.sql was not found in the configured search path:
    - Spring classpath
More locations can be added with the 'searchPath' parameter., db/changelog/db.changelog-1.0.xml::1.0::developer

	at org.springframework.beans.factory.annotation.AutowiredAnnotationBeanPostProcessor$AutowiredFieldElement.resolveFieldValue(AutowiredAnnotationBeanPostProcessor.java:787)
	at org.springframework.beans.factory.annotation.AutowiredAnnotationBeanPostProcessor$AutowiredFieldElement.inject(AutowiredAnnotationBeanPostProcessor.java:767)
	at org.springframework.beans.factory.annotation.InjectionMetadata.inject(InjectionMetadata.java:146)
	at org.springframework.beans.factory.annotation.AutowiredAnnotationBeanPostProcessor.postProcessProperties(AutowiredAnnotationBeanPostProcessor.java:509)
	at org.springframework.beans.factory.support.AbstractAutowireCapableBeanFactory.populateBean(AbstractAutowireCapableBeanFactory.java:1459)
	at org.springframework.beans.factory.support.AbstractAutowireCapableBeanFactory.doCreateBean(AbstractAutowireCapableBeanFactory.java:606)
	at org.springframework.beans.factory.support.AbstractAutowireCapableBeanFactory.createBean(AbstractAutowireCapableBeanFactory.java:529)
	at org.springframework.beans.factory.support.AbstractBeanFactory.lambda$doGetBean$0(AbstractBeanFactory.java:339)
	at org.springframework.beans.factory.support.DefaultSingletonBeanRegistry.getSingleton(DefaultSingletonBeanRegistry.java:373)
	at org.springframework.beans.factory.support.AbstractBeanFactory.doGetBean(AbstractBeanFactory.java:337)
	at org.springframework.beans.factory.support.AbstractBeanFactory.getBean(AbstractBeanFactory.java:202)
	at org.springframework.beans.factory.config.DependencyDescriptor.resolveCandidate(DependencyDescriptor.java:254)
	at org.springframework.beans.factory.support.DefaultListableBeanFactory.doResolveDependency(DefaultListableBeanFactory.java:1770)
	at org.springframework.beans.factory.support.DefaultListableBeanFactory.resolveDependency(DefaultListableBeanFactory.java:1653)
	at org.springframework.beans.factory.annotation.AutowiredAnnotationBeanPostProcessor$AutowiredFieldElement.resolveFieldValue(AutowiredAnnotationBeanPostProcessor.java:784)
	... 22 common frames omitted
Caused by: org.springframework.beans.factory.UnsatisfiedDependencyException: Error creating bean with name 'userMapper' defined in file [C:\Users\18065\Downloads\fgs2026-01-24-service\target\classes\com\example\computerassociation\mapper\UserMapper.class]: Unsatisfied dependency expressed through bean property 'sqlSessionTemplate': Error creating bean with name 'liquibase' defined in class path resource [org/springframework/boot/autoconfigure/liquibase/LiquibaseAutoConfiguration$LiquibaseConfiguration.class]: liquibase.exception.CommandExecutionException: liquibase.exception.ValidationFailedException: Validation Failed:
     1 changes have validation failures
          The file ../resources/sql/Users.sql was not found in the configured search path:
    - Spring classpath
More locations can be added with the 'searchPath' parameter., db/changelog/db.changelog-1.0.xml::1.0::developer

	at org.springframework.beans.factory.support.AbstractAutowireCapableBeanFactory.autowireByType(AbstractAutowireCapableBeanFactory.java:1556)
	at org.springframework.beans.factory.support.AbstractAutowireCapableBeanFactory.populateBean(AbstractAutowireCapableBeanFactory.java:1450)
	at org.springframework.beans.factory.support.AbstractAutowireCapableBeanFactory.doCreateBean(AbstractAutowireCapableBeanFactory.java:606)
	at org.springframework.beans.factory.support.AbstractAutowireCapableBeanFactory.createBean(AbstractAutowireCapableBeanFactory.java:529)
	at org.springframework.beans.factory.support.AbstractBeanFactory.lambda$doGetBean$0(AbstractBeanFactory.java:339)
	at org.springframework.beans.factory.support.DefaultSingletonBeanRegistry.getSingleton(DefaultSingletonBeanRegistry.java:373)
	at org.springframework.beans.factory.support.AbstractBeanFactory.doGetBean(AbstractBeanFactory.java:337)
	at org.springframework.beans.factory.support.AbstractBeanFactory.getBean(AbstractBeanFactory.java:202)
	at org.springframework.beans.factory.config.DependencyDescriptor.resolveCandidate(DependencyDescriptor.java:254)
	at org.springframework.beans.factory.support.DefaultListableBeanFactory.doResolveDependency(DefaultListableBeanFactory.java:1770)
	at org.springframework.beans.factory.support.DefaultListableBeanFactory.resolveDependency(DefaultListableBeanFactory.java:1653)
	at org.springframework.beans.factory.annotation.AutowiredAnnotationBeanPostProcessor$AutowiredFieldElement.resolveFieldValue(AutowiredAnnotationBeanPostProcessor.java:784)
	... 36 common frames omitted
Caused by: org.springframework.beans.factory.BeanCreationException: Error creating bean with name 'liquibase' defined in class path resource [org/springframework/boot/autoconfigure/liquibase/LiquibaseAutoConfiguration$LiquibaseConfiguration.class]: liquibase.exception.CommandExecutionException: liquibase.exception.ValidationFailedException: Validation Failed:
     1 changes have validation failures
          The file ../resources/sql/Users.sql was not found in the configured search path:
    - Spring classpath
More locations can be added with the 'searchPath' parameter., db/changelog/db.changelog-1.0.xml::1.0::developer

	at org.springframework.beans.factory.support.AbstractAutowireCapableBeanFactory.initializeBean(AbstractAutowireCapableBeanFactory.java:1826)
	at org.springframework.beans.factory.support.AbstractAutowireCapableBeanFactory.doCreateBean(AbstractAutowireCapableBeanFactory.java:607)
	at org.springframework.beans.factory.support.AbstractAutowireCapableBeanFactory.createBean(AbstractAutowireCapableBeanFactory.java:529)
	at org.springframework.beans.factory.support.AbstractBeanFactory.lambda$doGetBean$0(AbstractBeanFactory.java:339)
	at org.springframework.beans.factory.support.DefaultSingletonBeanRegistry.getSingleton(DefaultSingletonBeanRegistry.java:373)
	at org.springframework.beans.factory.support.AbstractBeanFactory.doGetBean(AbstractBeanFactory.java:337)
	at org.springframework.beans.factory.support.AbstractBeanFactory.getBean(AbstractBeanFactory.java:202)
	at org.springframework.beans.factory.support.AbstractBeanFactory.doGetBean(AbstractBeanFactory.java:315)
	at org.springframework.beans.factory.support.AbstractBeanFactory.getBean(AbstractBeanFactory.java:202)
	at org.springframework.beans.factory.config.DependencyDescriptor.resolveCandidate(DependencyDescriptor.java:254)
	at org.springframework.beans.factory.support.DefaultListableBeanFactory.doResolveDependency(DefaultListableBeanFactory.java:1770)
	at org.springframework.beans.factory.support.DefaultListableBeanFactory.resolveDependency(DefaultListableBeanFactory.java:1653)
	at org.springframework.beans.factory.support.AbstractAutowireCapableBeanFactory.autowireByType(AbstractAutowireCapableBeanFactory.java:1541)
	... 47 common frames omitted
Caused by: liquibase.exception.LiquibaseException: liquibase.exception.CommandExecutionException: liquibase.exception.ValidationFailedException: Validation Failed:
     1 changes have validation failures
          The file ../resources/sql/Users.sql was not found in the configured search path:
    - Spring classpath
More locations can be added with the 'searchPath' parameter., db/changelog/db.changelog-1.0.xml::1.0::developer

	at liquibase.integration.spring.SpringLiquibase.afterPropertiesSet(SpringLiquibase.java:288)
	at org.springframework.beans.factory.support.AbstractAutowireCapableBeanFactory.invokeInitMethods(AbstractAutowireCapableBeanFactory.java:1873)
	at org.springframework.beans.factory.support.AbstractAutowireCapableBeanFactory.initializeBean(AbstractAutowireCapableBeanFactory.java:1822)
	... 59 common frames omitted
Caused by: liquibase.exception.CommandExecutionException: liquibase.exception.ValidationFailedException: Validation Failed:
     1 changes have validation failures
          The file ../resources/sql/Users.sql was not found in the configured search path:
    - Spring classpath
More locations can be added with the 'searchPath' parameter., db/changelog/db.changelog-1.0.xml::1.0::developer

	at liquibase.command.CommandScope.lambda$execute$6(CommandScope.java:300)
	at liquibase.Scope.child(Scope.java:210)
	at liquibase.Scope.child(Scope.java:186)
	at liquibase.command.CommandScope.execute(CommandScope.java:241)
	at liquibase.Liquibase.lambda$update$0(Liquibase.java:216)
	at liquibase.Scope.lambda$child$0(Scope.java:201)
	at liquibase.Scope.child(Scope.java:210)
	at liquibase.Scope.child(Scope.java:200)
	at liquibase.Scope.child(Scope.java:179)
	at liquibase.Liquibase.runInScope(Liquibase.java:1333)
	at liquibase.Liquibase.update(Liquibase.java:205)
	at liquibase.Liquibase.update(Liquibase.java:188)
	at liquibase.integration.spring.SpringLiquibase.performUpdate(SpringLiquibase.java:326)
	at liquibase.integration.spring.SpringLiquibase.lambda$afterPropertiesSet$0(SpringLiquibase.java:278)
	at liquibase.Scope.lambda$child$0(Scope.java:201)
	at liquibase.Scope.child(Scope.java:210)
	at liquibase.Scope.child(Scope.java:200)
	at liquibase.Scope.child(Scope.java:179)
	at liquibase.integration.spring.SpringLiquibase.afterPropertiesSet(SpringLiquibase.java:271)
	... 61 common frames omitted
Caused by: liquibase.exception.ValidationFailedException: Validation Failed:
     1 changes have validation failures
          The file ../resources/sql/Users.sql was not found in the configured search path:
    - Spring classpath
More locations can be added with the 'searchPath' parameter., db/changelog/db.changelog-1.0.xml::1.0::developer

	at liquibase.changelog.DatabaseChangeLog.validate(DatabaseChangeLog.java:384)
	at liquibase.command.core.helpers.DatabaseChangelogCommandStep.run(DatabaseChangelogCommandStep.java:88)
	at liquibase.command.CommandScope.lambda$execute$6(CommandScope.java:253)
	... 79 common frames omitted
2026-02-06 01:17:22.672 [main] ERROR org.springframework.boot.SpringApplication - Application run failed
org.springframework.beans.factory.UnsatisfiedDependencyException: Error creating bean with name 'userController': Unsatisfied dependency expressed through field 'userService': Error creating bean with name 'userServiceImpl': Unsatisfied dependency expressed through field 'baseMapper': Error creating bean with name 'userMapper' defined in file [C:\Users\18065\Downloads\fgs2026-01-24-service\target\classes\com\example\computerassociation\mapper\UserMapper.class]: Unsatisfied dependency expressed through bean property 'sqlSessionTemplate': Error creating bean with name 'liquibase' defined in class path resource [org/springframework/boot/autoconfigure/liquibase/LiquibaseAutoConfiguration$LiquibaseConfiguration.class]: liquibase.exception.CommandExecutionException: liquibase.exception.ValidationFailedException: Validation Failed:
     1 changes have validation failures
          The file ../resources/sql/Users.sql was not found in the configured search path:
    - Spring classpath
More locations can be added with the 'searchPath' parameter., db/changelog/db.changelog-1.0.xml::1.0::developer

	at org.springframework.beans.factory.annotation.AutowiredAnnotationBeanPostProcessor$AutowiredFieldElement.resolveFieldValue(AutowiredAnnotationBeanPostProcessor.java:787)
	at org.springframework.beans.factory.annotation.AutowiredAnnotationBeanPostProcessor$AutowiredFieldElement.inject(AutowiredAnnotationBeanPostProcessor.java:767)
	at org.springframework.beans.factory.annotation.InjectionMetadata.inject(InjectionMetadata.java:146)
	at org.springframework.beans.factory.annotation.AutowiredAnnotationBeanPostProcessor.postProcessProperties(AutowiredAnnotationBeanPostProcessor.java:509)
	at org.springframework.beans.factory.support.AbstractAutowireCapableBeanFactory.populateBean(AbstractAutowireCapableBeanFactory.java:1459)
	at org.springframework.beans.factory.support.AbstractAutowireCapableBeanFactory.doCreateBean(AbstractAutowireCapableBeanFactory.java:606)
	at org.springframework.beans.factory.support.AbstractAutowireCapableBeanFactory.createBean(AbstractAutowireCapableBeanFactory.java:529)
	at org.springframework.beans.factory.support.AbstractBeanFactory.lambda$doGetBean$0(AbstractBeanFactory.java:339)
	at org.springframework.beans.factory.support.DefaultSingletonBeanRegistry.getSingleton(DefaultSingletonBeanRegistry.java:373)
	at org.springframework.beans.factory.support.AbstractBeanFactory.doGetBean(AbstractBeanFactory.java:337)
	at org.springframework.beans.factory.support.AbstractBeanFactory.getBean(AbstractBeanFactory.java:202)
	at org.springframework.beans.factory.support.DefaultListableBeanFactory.instantiateSingleton(DefaultListableBeanFactory.java:1228)
	at org.springframework.beans.factory.support.DefaultListableBeanFactory.preInstantiateSingleton(DefaultListableBeanFactory.java:1194)
	at org.springframework.beans.factory.support.DefaultListableBeanFactory.preInstantiateSingletons(DefaultListableBeanFactory.java:1130)
	at org.springframework.context.support.AbstractApplicationContext.finishBeanFactoryInitialization(AbstractApplicationContext.java:990)
	at org.springframework.context.support.AbstractApplicationContext.refresh(AbstractApplicationContext.java:627)
	at org.springframework.boot.web.servlet.context.ServletWebServerApplicationContext.refresh(ServletWebServerApplicationContext.java:146)
	at org.springframework.boot.SpringApplication.refresh(SpringApplication.java:752)
	at org.springframework.boot.SpringApplication.refreshContext(SpringApplication.java:439)
	at org.springframework.boot.SpringApplication.run(SpringApplication.java:318)
	at org.springframework.boot.SpringApplication.run(SpringApplication.java:1361)
	at org.springframework.boot.SpringApplication.run(SpringApplication.java:1350)
	at com.example.computerassociation.ComputerAssociationApplication.main(ComputerAssociationApplication.java:13)
Caused by: org.springframework.beans.factory.UnsatisfiedDependencyException: Error creating bean with name 'userServiceImpl': Unsatisfied dependency expressed through field 'baseMapper': Error creating bean with name 'userMapper' defined in file [C:\Users\18065\Downloads\fgs2026-01-24-service\target\classes\com\example\computerassociation\mapper\UserMapper.class]: Unsatisfied dependency expressed through bean property 'sqlSessionTemplate': Error creating bean with name 'liquibase' defined in class path resource [org/springframework/boot/autoconfigure/liquibase/LiquibaseAutoConfiguration$LiquibaseConfiguration.class]: liquibase.exception.CommandExecutionException: liquibase.exception.ValidationFailedException: Validation Failed:
     1 changes have validation failures
          The file ../resources/sql/Users.sql was not found in the configured search path:
    - Spring classpath
More locations can be added with the 'searchPath' parameter., db/changelog/db.changelog-1.0.xml::1.0::developer

	at org.springframework.beans.factory.annotation.AutowiredAnnotationBeanPostProcessor$AutowiredFieldElement.resolveFieldValue(AutowiredAnnotationBeanPostProcessor.java:787)
	at org.springframework.beans.factory.annotation.AutowiredAnnotationBeanPostProcessor$AutowiredFieldElement.inject(AutowiredAnnotationBeanPostProcessor.java:767)
	at org.springframework.beans.factory.annotation.InjectionMetadata.inject(InjectionMetadata.java:146)
	at org.springframework.beans.factory.annotation.AutowiredAnnotationBeanPostProcessor.postProcessProperties(AutowiredAnnotationBeanPostProcessor.java:509)
	at org.springframework.beans.factory.support.AbstractAutowireCapableBeanFactory.populateBean(AbstractAutowireCapableBeanFactory.java:1459)
	at org.springframework.beans.factory.support.AbstractAutowireCapableBeanFactory.doCreateBean(AbstractAutowireCapableBeanFactory.java:606)
	at org.springframework.beans.factory.support.AbstractAutowireCapableBeanFactory.createBean(AbstractAutowireCapableBeanFactory.java:529)
	at org.springframework.beans.factory.support.AbstractBeanFactory.lambda$doGetBean$0(AbstractBeanFactory.java:339)
	at org.springframework.beans.factory.support.DefaultSingletonBeanRegistry.getSingleton(DefaultSingletonBeanRegistry.java:373)
	at org.springframework.beans.factory.support.AbstractBeanFactory.doGetBean(AbstractBeanFactory.java:337)
	at org.springframework.beans.factory.support.AbstractBeanFactory.getBean(AbstractBeanFactory.java:202)
	at org.springframework.beans.factory.config.DependencyDescriptor.resolveCandidate(DependencyDescriptor.java:254)
	at org.springframework.beans.factory.support.DefaultListableBeanFactory.doResolveDependency(DefaultListableBeanFactory.java:1770)
	at org.springframework.beans.factory.support.DefaultListableBeanFactory.resolveDependency(DefaultListableBeanFactory.java:1653)
	at org.springframework.beans.factory.annotation.AutowiredAnnotationBeanPostProcessor$AutowiredFieldElement.resolveFieldValue(AutowiredAnnotationBeanPostProcessor.java:784)
	... 22 common frames omitted
Caused by: org.springframework.beans.factory.UnsatisfiedDependencyException: Error creating bean with name 'userMapper' defined in file [C:\Users\18065\Downloads\fgs2026-01-24-service\target\classes\com\example\computerassociation\mapper\UserMapper.class]: Unsatisfied dependency expressed through bean property 'sqlSessionTemplate': Error creating bean with name 'liquibase' defined in class path resource [org/springframework/boot/autoconfigure/liquibase/LiquibaseAutoConfiguration$LiquibaseConfiguration.class]: liquibase.exception.CommandExecutionException: liquibase.exception.ValidationFailedException: Validation Failed:
     1 changes have validation failures
          The file ../resources/sql/Users.sql was not found in the configured search path:
    - Spring classpath
More locations can be added with the 'searchPath' parameter., db/changelog/db.changelog-1.0.xml::1.0::developer

	at org.springframework.beans.factory.support.AbstractAutowireCapableBeanFactory.autowireByType(AbstractAutowireCapableBeanFactory.java:1556)
	at org.springframework.beans.factory.support.AbstractAutowireCapableBeanFactory.populateBean(AbstractAutowireCapableBeanFactory.java:1450)
	at org.springframework.beans.factory.support.AbstractAutowireCapableBeanFactory.doCreateBean(AbstractAutowireCapableBeanFactory.java:606)
	at org.springframework.beans.factory.support.AbstractAutowireCapableBeanFactory.createBean(AbstractAutowireCapableBeanFactory.java:529)
	at org.springframework.beans.factory.support.AbstractBeanFactory.lambda$doGetBean$0(AbstractBeanFactory.java:339)
	at org.springframework.beans.factory.support.DefaultSingletonBeanRegistry.getSingleton(DefaultSingletonBeanRegistry.java:373)
	at org.springframework.beans.factory.support.AbstractBeanFactory.doGetBean(AbstractBeanFactory.java:337)
	at org.springframework.beans.factory.support.AbstractBeanFactory.getBean(AbstractBeanFactory.java:202)
	at org.springframework.beans.factory.config.DependencyDescriptor.resolveCandidate(DependencyDescriptor.java:254)
	at org.springframework.beans.factory.support.DefaultListableBeanFactory.doResolveDependency(DefaultListableBeanFactory.java:1770)
	at org.springframework.beans.factory.support.DefaultListableBeanFactory.resolveDependency(DefaultListableBeanFactory.java:1653)
	at org.springframework.beans.factory.annotation.AutowiredAnnotationBeanPostProcessor$AutowiredFieldElement.resolveFieldValue(AutowiredAnnotationBeanPostProcessor.java:784)
	... 36 common frames omitted
Caused by: org.springframework.beans.factory.BeanCreationException: Error creating bean with name 'liquibase' defined in class path resource [org/springframework/boot/autoconfigure/liquibase/LiquibaseAutoConfiguration$LiquibaseConfiguration.class]: liquibase.exception.CommandExecutionException: liquibase.exception.ValidationFailedException: Validation Failed:
     1 changes have validation failures
          The file ../resources/sql/Users.sql was not found in the configured search path:
    - Spring classpath
More locations can be added with the 'searchPath' parameter., db/changelog/db.changelog-1.0.xml::1.0::developer

	at org.springframework.beans.factory.support.AbstractAutowireCapableBeanFactory.initializeBean(AbstractAutowireCapableBeanFactory.java:1826)
	at org.springframework.beans.factory.support.AbstractAutowireCapableBeanFactory.doCreateBean(AbstractAutowireCapableBeanFactory.java:607)
	at org.springframework.beans.factory.support.AbstractAutowireCapableBeanFactory.createBean(AbstractAutowireCapableBeanFactory.java:529)
	at org.springframework.beans.factory.support.AbstractBeanFactory.lambda$doGetBean$0(AbstractBeanFactory.java:339)
	at org.springframework.beans.factory.support.DefaultSingletonBeanRegistry.getSingleton(DefaultSingletonBeanRegistry.java:373)
	at org.springframework.beans.factory.support.AbstractBeanFactory.doGetBean(AbstractBeanFactory.java:337)
	at org.springframework.beans.factory.support.AbstractBeanFactory.getBean(AbstractBeanFactory.java:202)
	at org.springframework.beans.factory.support.AbstractBeanFactory.doGetBean(AbstractBeanFactory.java:315)
	at org.springframework.beans.factory.support.AbstractBeanFactory.getBean(AbstractBeanFactory.java:202)
	at org.springframework.beans.factory.config.DependencyDescriptor.resolveCandidate(DependencyDescriptor.java:254)
	at org.springframework.beans.factory.support.DefaultListableBeanFactory.doResolveDependency(DefaultListableBeanFactory.java:1770)
	at org.springframework.beans.factory.support.DefaultListableBeanFactory.resolveDependency(DefaultListableBeanFactory.java:1653)
	at org.springframework.beans.factory.support.AbstractAutowireCapableBeanFactory.autowireByType(AbstractAutowireCapableBeanFactory.java:1541)
	... 47 common frames omitted
Caused by: liquibase.exception.LiquibaseException: liquibase.exception.CommandExecutionException: liquibase.exception.ValidationFailedException: Validation Failed:
     1 changes have validation failures
          The file ../resources/sql/Users.sql was not found in the configured search path:
    - Spring classpath
More locations can be added with the 'searchPath' parameter., db/changelog/db.changelog-1.0.xml::1.0::developer

	at liquibase.integration.spring.SpringLiquibase.afterPropertiesSet(SpringLiquibase.java:288)
	at org.springframework.beans.factory.support.AbstractAutowireCapableBeanFactory.invokeInitMethods(AbstractAutowireCapableBeanFactory.java:1873)
	at org.springframework.beans.factory.support.AbstractAutowireCapableBeanFactory.initializeBean(AbstractAutowireCapableBeanFactory.java:1822)
	... 59 common frames omitted
Caused by: liquibase.exception.CommandExecutionException: liquibase.exception.ValidationFailedException: Validation Failed:
     1 changes have validation failures
          The file ../resources/sql/Users.sql was not found in the configured search path:
    - Spring classpath
More locations can be added with the 'searchPath' parameter., db/changelog/db.changelog-1.0.xml::1.0::developer

	at liquibase.command.CommandScope.lambda$execute$6(CommandScope.java:300)
	at liquibase.Scope.child(Scope.java:210)
	at liquibase.Scope.child(Scope.java:186)
	at liquibase.command.CommandScope.execute(CommandScope.java:241)
	at liquibase.Liquibase.lambda$update$0(Liquibase.java:216)
	at liquibase.Scope.lambda$child$0(Scope.java:201)
	at liquibase.Scope.child(Scope.java:210)
	at liquibase.Scope.child(Scope.java:200)
	at liquibase.Scope.child(Scope.java:179)
	at liquibase.Liquibase.runInScope(Liquibase.java:1333)
	at liquibase.Liquibase.update(Liquibase.java:205)
	at liquibase.Liquibase.update(Liquibase.java:188)
	at liquibase.integration.spring.SpringLiquibase.performUpdate(SpringLiquibase.java:326)
	at liquibase.integration.spring.SpringLiquibase.lambda$afterPropertiesSet$0(SpringLiquibase.java:278)
	at liquibase.Scope.lambda$child$0(Scope.java:201)
	at liquibase.Scope.child(Scope.java:210)
	at liquibase.Scope.child(Scope.java:200)
	at liquibase.Scope.child(Scope.java:179)
	at liquibase.integration.spring.SpringLiquibase.afterPropertiesSet(SpringLiquibase.java:271)
	... 61 common frames omitted
Caused by: liquibase.exception.ValidationFailedException: Validation Failed:
     1 changes have validation failures
          The file ../resources/sql/Users.sql was not found in the configured search path:
    - Spring classpath
More locations can be added with the 'searchPath' parameter., db/changelog/db.changelog-1.0.xml::1.0::developer

	at liquibase.changelog.DatabaseChangeLog.validate(DatabaseChangeLog.java:384)
	at liquibase.command.core.helpers.DatabaseChangelogCommandStep.run(DatabaseChangelogCommandStep.java:88)
	at liquibase.command.CommandScope.lambda$execute$6(CommandScope.java:253)
	... 79 common frames omitted
2026-02-06 01:18:09.972 [main] ERROR org.springframework.boot.SpringApplication - Application run failed
org.springframework.beans.factory.UnsatisfiedDependencyException: Error creating bean with name 'userController': Unsatisfied dependency expressed through field 'userService': Error creating bean with name 'userServiceImpl': Unsatisfied dependency expressed through field 'baseMapper': Error creating bean with name 'userMapper' defined in file [C:\Users\18065\Downloads\fgs2026-01-24-service\target\classes\com\example\computerassociation\mapper\UserMapper.class]: Unsatisfied dependency expressed through bean property 'sqlSessionTemplate': Error creating bean with name 'liquibase' defined in class path resource [org/springframework/boot/autoconfigure/liquibase/LiquibaseAutoConfiguration$LiquibaseConfiguration.class]: liquibase.exception.CommandExecutionException: liquibase.exception.ValidationFailedException: Validation Failed:
     1 changes have validation failures
          The file ../resources/sql/Users.sql was not found in the configured search path:
    - Spring classpath
More locations can be added with the 'searchPath' parameter., db/changelog/db.changelog-1.0.xml::1.0::developer

	at org.springframework.beans.factory.annotation.AutowiredAnnotationBeanPostProcessor$AutowiredFieldElement.resolveFieldValue(AutowiredAnnotationBeanPostProcessor.java:787)
	at org.springframework.beans.factory.annotation.AutowiredAnnotationBeanPostProcessor$AutowiredFieldElement.inject(AutowiredAnnotationBeanPostProcessor.java:767)
	at org.springframework.beans.factory.annotation.InjectionMetadata.inject(InjectionMetadata.java:146)
	at org.springframework.beans.factory.annotation.AutowiredAnnotationBeanPostProcessor.postProcessProperties(AutowiredAnnotationBeanPostProcessor.java:509)
	at org.springframework.beans.factory.support.AbstractAutowireCapableBeanFactory.populateBean(AbstractAutowireCapableBeanFactory.java:1459)
	at org.springframework.beans.factory.support.AbstractAutowireCapableBeanFactory.doCreateBean(AbstractAutowireCapableBeanFactory.java:606)
	at org.springframework.beans.factory.support.AbstractAutowireCapableBeanFactory.createBean(AbstractAutowireCapableBeanFactory.java:529)
	at org.springframework.beans.factory.support.AbstractBeanFactory.lambda$doGetBean$0(AbstractBeanFactory.java:339)
	at org.springframework.beans.factory.support.DefaultSingletonBeanRegistry.getSingleton(DefaultSingletonBeanRegistry.java:373)
	at org.springframework.beans.factory.support.AbstractBeanFactory.doGetBean(AbstractBeanFactory.java:337)
	at org.springframework.beans.factory.support.AbstractBeanFactory.getBean(AbstractBeanFactory.java:202)
	at org.springframework.beans.factory.support.DefaultListableBeanFactory.instantiateSingleton(DefaultListableBeanFactory.java:1228)
	at org.springframework.beans.factory.support.DefaultListableBeanFactory.preInstantiateSingleton(DefaultListableBeanFactory.java:1194)
	at org.springframework.beans.factory.support.DefaultListableBeanFactory.preInstantiateSingletons(DefaultListableBeanFactory.java:1130)
	at org.springframework.context.support.AbstractApplicationContext.finishBeanFactoryInitialization(AbstractApplicationContext.java:990)
	at org.springframework.context.support.AbstractApplicationContext.refresh(AbstractApplicationContext.java:627)
	at org.springframework.boot.web.servlet.context.ServletWebServerApplicationContext.refresh(ServletWebServerApplicationContext.java:146)
	at org.springframework.boot.SpringApplication.refresh(SpringApplication.java:752)
	at org.springframework.boot.SpringApplication.refreshContext(SpringApplication.java:439)
	at org.springframework.boot.SpringApplication.run(SpringApplication.java:318)
	at org.springframework.boot.SpringApplication.run(SpringApplication.java:1361)
	at org.springframework.boot.SpringApplication.run(SpringApplication.java:1350)
	at com.example.computerassociation.ComputerAssociationApplication.main(ComputerAssociationApplication.java:13)
Caused by: org.springframework.beans.factory.UnsatisfiedDependencyException: Error creating bean with name 'userServiceImpl': Unsatisfied dependency expressed through field 'baseMapper': Error creating bean with name 'userMapper' defined in file [C:\Users\18065\Downloads\fgs2026-01-24-service\target\classes\com\example\computerassociation\mapper\UserMapper.class]: Unsatisfied dependency expressed through bean property 'sqlSessionTemplate': Error creating bean with name 'liquibase' defined in class path resource [org/springframework/boot/autoconfigure/liquibase/LiquibaseAutoConfiguration$LiquibaseConfiguration.class]: liquibase.exception.CommandExecutionException: liquibase.exception.ValidationFailedException: Validation Failed:
     1 changes have validation failures
          The file ../resources/sql/Users.sql was not found in the configured search path:
    - Spring classpath
More locations can be added with the 'searchPath' parameter., db/changelog/db.changelog-1.0.xml::1.0::developer

	at org.springframework.beans.factory.annotation.AutowiredAnnotationBeanPostProcessor$AutowiredFieldElement.resolveFieldValue(AutowiredAnnotationBeanPostProcessor.java:787)
	at org.springframework.beans.factory.annotation.AutowiredAnnotationBeanPostProcessor$AutowiredFieldElement.inject(AutowiredAnnotationBeanPostProcessor.java:767)
	at org.springframework.beans.factory.annotation.InjectionMetadata.inject(InjectionMetadata.java:146)
	at org.springframework.beans.factory.annotation.AutowiredAnnotationBeanPostProcessor.postProcessProperties(AutowiredAnnotationBeanPostProcessor.java:509)
	at org.springframework.beans.factory.support.AbstractAutowireCapableBeanFactory.populateBean(AbstractAutowireCapableBeanFactory.java:1459)
	at org.springframework.beans.factory.support.AbstractAutowireCapableBeanFactory.doCreateBean(AbstractAutowireCapableBeanFactory.java:606)
	at org.springframework.beans.factory.support.AbstractAutowireCapableBeanFactory.createBean(AbstractAutowireCapableBeanFactory.java:529)
	at org.springframework.beans.factory.support.AbstractBeanFactory.lambda$doGetBean$0(AbstractBeanFactory.java:339)
	at org.springframework.beans.factory.support.DefaultSingletonBeanRegistry.getSingleton(DefaultSingletonBeanRegistry.java:373)
	at org.springframework.beans.factory.support.AbstractBeanFactory.doGetBean(AbstractBeanFactory.java:337)
	at org.springframework.beans.factory.support.AbstractBeanFactory.getBean(AbstractBeanFactory.java:202)
	at org.springframework.beans.factory.config.DependencyDescriptor.resolveCandidate(DependencyDescriptor.java:254)
	at org.springframework.beans.factory.support.DefaultListableBeanFactory.doResolveDependency(DefaultListableBeanFactory.java:1770)
	at org.springframework.beans.factory.support.DefaultListableBeanFactory.resolveDependency(DefaultListableBeanFactory.java:1653)
	at org.springframework.beans.factory.annotation.AutowiredAnnotationBeanPostProcessor$AutowiredFieldElement.resolveFieldValue(AutowiredAnnotationBeanPostProcessor.java:784)
	... 22 common frames omitted
Caused by: org.springframework.beans.factory.UnsatisfiedDependencyException: Error creating bean with name 'userMapper' defined in file [C:\Users\18065\Downloads\fgs2026-01-24-service\target\classes\com\example\computerassociation\mapper\UserMapper.class]: Unsatisfied dependency expressed through bean property 'sqlSessionTemplate': Error creating bean with name 'liquibase' defined in class path resource [org/springframework/boot/autoconfigure/liquibase/LiquibaseAutoConfiguration$LiquibaseConfiguration.class]: liquibase.exception.CommandExecutionException: liquibase.exception.ValidationFailedException: Validation Failed:
     1 changes have validation failures
          The file ../resources/sql/Users.sql was not found in the configured search path:
    - Spring classpath
More locations can be added with the 'searchPath' parameter., db/changelog/db.changelog-1.0.xml::1.0::developer

	at org.springframework.beans.factory.support.AbstractAutowireCapableBeanFactory.autowireByType(AbstractAutowireCapableBeanFactory.java:1556)
	at org.springframework.beans.factory.support.AbstractAutowireCapableBeanFactory.populateBean(AbstractAutowireCapableBeanFactory.java:1450)
	at org.springframework.beans.factory.support.AbstractAutowireCapableBeanFactory.doCreateBean(AbstractAutowireCapableBeanFactory.java:606)
	at org.springframework.beans.factory.support.AbstractAutowireCapableBeanFactory.createBean(AbstractAutowireCapableBeanFactory.java:529)
	at org.springframework.beans.factory.support.AbstractBeanFactory.lambda$doGetBean$0(AbstractBeanFactory.java:339)
	at org.springframework.beans.factory.support.DefaultSingletonBeanRegistry.getSingleton(DefaultSingletonBeanRegistry.java:373)
	at org.springframework.beans.factory.support.AbstractBeanFactory.doGetBean(AbstractBeanFactory.java:337)
	at org.springframework.beans.factory.support.AbstractBeanFactory.getBean(AbstractBeanFactory.java:202)
	at org.springframework.beans.factory.config.DependencyDescriptor.resolveCandidate(DependencyDescriptor.java:254)
	at org.springframework.beans.factory.support.DefaultListableBeanFactory.doResolveDependency(DefaultListableBeanFactory.java:1770)
	at org.springframework.beans.factory.support.DefaultListableBeanFactory.resolveDependency(DefaultListableBeanFactory.java:1653)
	at org.springframework.beans.factory.annotation.AutowiredAnnotationBeanPostProcessor$AutowiredFieldElement.resolveFieldValue(AutowiredAnnotationBeanPostProcessor.java:784)
	... 36 common frames omitted
Caused by: org.springframework.beans.factory.BeanCreationException: Error creating bean with name 'liquibase' defined in class path resource [org/springframework/boot/autoconfigure/liquibase/LiquibaseAutoConfiguration$LiquibaseConfiguration.class]: liquibase.exception.CommandExecutionException: liquibase.exception.ValidationFailedException: Validation Failed:
     1 changes have validation failures
          The file ../resources/sql/Users.sql was not found in the configured search path:
    - Spring classpath
More locations can be added with the 'searchPath' parameter., db/changelog/db.changelog-1.0.xml::1.0::developer

	at org.springframework.beans.factory.support.AbstractAutowireCapableBeanFactory.initializeBean(AbstractAutowireCapableBeanFactory.java:1826)
	at org.springframework.beans.factory.support.AbstractAutowireCapableBeanFactory.doCreateBean(AbstractAutowireCapableBeanFactory.java:607)
	at org.springframework.beans.factory.support.AbstractAutowireCapableBeanFactory.createBean(AbstractAutowireCapableBeanFactory.java:529)
	at org.springframework.beans.factory.support.AbstractBeanFactory.lambda$doGetBean$0(AbstractBeanFactory.java:339)
	at org.springframework.beans.factory.support.DefaultSingletonBeanRegistry.getSingleton(DefaultSingletonBeanRegistry.java:373)
	at org.springframework.beans.factory.support.AbstractBeanFactory.doGetBean(AbstractBeanFactory.java:337)
	at org.springframework.beans.factory.support.AbstractBeanFactory.getBean(AbstractBeanFactory.java:202)
	at org.springframework.beans.factory.support.AbstractBeanFactory.doGetBean(AbstractBeanFactory.java:315)
	at org.springframework.beans.factory.support.AbstractBeanFactory.getBean(AbstractBeanFactory.java:202)
	at org.springframework.beans.factory.config.DependencyDescriptor.resolveCandidate(DependencyDescriptor.java:254)
	at org.springframework.beans.factory.support.DefaultListableBeanFactory.doResolveDependency(DefaultListableBeanFactory.java:1770)
	at org.springframework.beans.factory.support.DefaultListableBeanFactory.resolveDependency(DefaultListableBeanFactory.java:1653)
	at org.springframework.beans.factory.support.AbstractAutowireCapableBeanFactory.autowireByType(AbstractAutowireCapableBeanFactory.java:1541)
	... 47 common frames omitted
Caused by: liquibase.exception.LiquibaseException: liquibase.exception.CommandExecutionException: liquibase.exception.ValidationFailedException: Validation Failed:
     1 changes have validation failures
          The file ../resources/sql/Users.sql was not found in the configured search path:
    - Spring classpath
More locations can be added with the 'searchPath' parameter., db/changelog/db.changelog-1.0.xml::1.0::developer

	at liquibase.integration.spring.SpringLiquibase.afterPropertiesSet(SpringLiquibase.java:288)
	at org.springframework.beans.factory.support.AbstractAutowireCapableBeanFactory.invokeInitMethods(AbstractAutowireCapableBeanFactory.java:1873)
	at org.springframework.beans.factory.support.AbstractAutowireCapableBeanFactory.initializeBean(AbstractAutowireCapableBeanFactory.java:1822)
	... 59 common frames omitted
Caused by: liquibase.exception.CommandExecutionException: liquibase.exception.ValidationFailedException: Validation Failed:
     1 changes have validation failures
          The file ../resources/sql/Users.sql was not found in the configured search path:
    - Spring classpath
More locations can be added with the 'searchPath' parameter., db/changelog/db.changelog-1.0.xml::1.0::developer

	at liquibase.command.CommandScope.lambda$execute$6(CommandScope.java:300)
	at liquibase.Scope.child(Scope.java:210)
	at liquibase.Scope.child(Scope.java:186)
	at liquibase.command.CommandScope.execute(CommandScope.java:241)
	at liquibase.Liquibase.lambda$update$0(Liquibase.java:216)
	at liquibase.Scope.lambda$child$0(Scope.java:201)
	at liquibase.Scope.child(Scope.java:210)
	at liquibase.Scope.child(Scope.java:200)
	at liquibase.Scope.child(Scope.java:179)
	at liquibase.Liquibase.runInScope(Liquibase.java:1333)
	at liquibase.Liquibase.update(Liquibase.java:205)
	at liquibase.Liquibase.update(Liquibase.java:188)
	at liquibase.integration.spring.SpringLiquibase.performUpdate(SpringLiquibase.java:326)
	at liquibase.integration.spring.SpringLiquibase.lambda$afterPropertiesSet$0(SpringLiquibase.java:278)
	at liquibase.Scope.lambda$child$0(Scope.java:201)
	at liquibase.Scope.child(Scope.java:210)
	at liquibase.Scope.child(Scope.java:200)
	at liquibase.Scope.child(Scope.java:179)
	at liquibase.integration.spring.SpringLiquibase.afterPropertiesSet(SpringLiquibase.java:271)
	... 61 common frames omitted
Caused by: liquibase.exception.ValidationFailedException: Validation Failed:
     1 changes have validation failures
          The file ../resources/sql/Users.sql was not found in the configured search path:
    - Spring classpath
More locations can be added with the 'searchPath' parameter., db/changelog/db.changelog-1.0.xml::1.0::developer

	at liquibase.changelog.DatabaseChangeLog.validate(DatabaseChangeLog.java:384)
	at liquibase.command.core.helpers.DatabaseChangelogCommandStep.run(DatabaseChangelogCommandStep.java:88)
	at liquibase.command.CommandScope.lambda$execute$6(CommandScope.java:253)
	... 79 common frames omitted
2026-02-06 01:19:53.761 [main] ERROR org.springframework.boot.SpringApplication - Application run failed
org.springframework.beans.factory.UnsatisfiedDependencyException: Error creating bean with name 'userController': Unsatisfied dependency expressed through field 'userService': Error creating bean with name 'userServiceImpl': Unsatisfied dependency expressed through field 'baseMapper': Error creating bean with name 'userMapper' defined in file [C:\Users\18065\Downloads\fgs2026-01-24-service\target\classes\com\example\computerassociation\mapper\UserMapper.class]: Unsatisfied dependency expressed through bean property 'sqlSessionTemplate': Error creating bean with name 'liquibase' defined in class path resource [org/springframework/boot/autoconfigure/liquibase/LiquibaseAutoConfiguration$LiquibaseConfiguration.class]: liquibase.exception.CommandExecutionException: liquibase.exception.ValidationFailedException: Validation Failed:
     1 changes have validation failures
          The file ../resources/sql/Users.sql was not found in the configured search path:
    - Spring classpath
More locations can be added with the 'searchPath' parameter., db/changelog/db.changelog-1.0.xml::1.0::developer

	at org.springframework.beans.factory.annotation.AutowiredAnnotationBeanPostProcessor$AutowiredFieldElement.resolveFieldValue(AutowiredAnnotationBeanPostProcessor.java:787)
	at org.springframework.beans.factory.annotation.AutowiredAnnotationBeanPostProcessor$AutowiredFieldElement.inject(AutowiredAnnotationBeanPostProcessor.java:767)
	at org.springframework.beans.factory.annotation.InjectionMetadata.inject(InjectionMetadata.java:146)
	at org.springframework.beans.factory.annotation.AutowiredAnnotationBeanPostProcessor.postProcessProperties(AutowiredAnnotationBeanPostProcessor.java:509)
	at org.springframework.beans.factory.support.AbstractAutowireCapableBeanFactory.populateBean(AbstractAutowireCapableBeanFactory.java:1459)
	at org.springframework.beans.factory.support.AbstractAutowireCapableBeanFactory.doCreateBean(AbstractAutowireCapableBeanFactory.java:606)
	at org.springframework.beans.factory.support.AbstractAutowireCapableBeanFactory.createBean(AbstractAutowireCapableBeanFactory.java:529)
	at org.springframework.beans.factory.support.AbstractBeanFactory.lambda$doGetBean$0(AbstractBeanFactory.java:339)
	at org.springframework.beans.factory.support.DefaultSingletonBeanRegistry.getSingleton(DefaultSingletonBeanRegistry.java:373)
	at org.springframework.beans.factory.support.AbstractBeanFactory.doGetBean(AbstractBeanFactory.java:337)
	at org.springframework.beans.factory.support.AbstractBeanFactory.getBean(AbstractBeanFactory.java:202)
	at org.springframework.beans.factory.support.DefaultListableBeanFactory.instantiateSingleton(DefaultListableBeanFactory.java:1228)
	at org.springframework.beans.factory.support.DefaultListableBeanFactory.preInstantiateSingleton(DefaultListableBeanFactory.java:1194)
	at org.springframework.beans.factory.support.DefaultListableBeanFactory.preInstantiateSingletons(DefaultListableBeanFactory.java:1130)
	at org.springframework.context.support.AbstractApplicationContext.finishBeanFactoryInitialization(AbstractApplicationContext.java:990)
	at org.springframework.context.support.AbstractApplicationContext.refresh(AbstractApplicationContext.java:627)
	at org.springframework.boot.web.servlet.context.ServletWebServerApplicationContext.refresh(ServletWebServerApplicationContext.java:146)
	at org.springframework.boot.SpringApplication.refresh(SpringApplication.java:752)
	at org.springframework.boot.SpringApplication.refreshContext(SpringApplication.java:439)
	at org.springframework.boot.SpringApplication.run(SpringApplication.java:318)
	at org.springframework.boot.SpringApplication.run(SpringApplication.java:1361)
	at org.springframework.boot.SpringApplication.run(SpringApplication.java:1350)
	at com.example.computerassociation.ComputerAssociationApplication.main(ComputerAssociationApplication.java:13)
Caused by: org.springframework.beans.factory.UnsatisfiedDependencyException: Error creating bean with name 'userServiceImpl': Unsatisfied dependency expressed through field 'baseMapper': Error creating bean with name 'userMapper' defined in file [C:\Users\18065\Downloads\fgs2026-01-24-service\target\classes\com\example\computerassociation\mapper\UserMapper.class]: Unsatisfied dependency expressed through bean property 'sqlSessionTemplate': Error creating bean with name 'liquibase' defined in class path resource [org/springframework/boot/autoconfigure/liquibase/LiquibaseAutoConfiguration$LiquibaseConfiguration.class]: liquibase.exception.CommandExecutionException: liquibase.exception.ValidationFailedException: Validation Failed:
     1 changes have validation failures
          The file ../resources/sql/Users.sql was not found in the configured search path:
    - Spring classpath
More locations can be added with the 'searchPath' parameter., db/changelog/db.changelog-1.0.xml::1.0::developer

	at org.springframework.beans.factory.annotation.AutowiredAnnotationBeanPostProcessor$AutowiredFieldElement.resolveFieldValue(AutowiredAnnotationBeanPostProcessor.java:787)
	at org.springframework.beans.factory.annotation.AutowiredAnnotationBeanPostProcessor$AutowiredFieldElement.inject(AutowiredAnnotationBeanPostProcessor.java:767)
	at org.springframework.beans.factory.annotation.InjectionMetadata.inject(InjectionMetadata.java:146)
	at org.springframework.beans.factory.annotation.AutowiredAnnotationBeanPostProcessor.postProcessProperties(AutowiredAnnotationBeanPostProcessor.java:509)
	at org.springframework.beans.factory.support.AbstractAutowireCapableBeanFactory.populateBean(AbstractAutowireCapableBeanFactory.java:1459)
	at org.springframework.beans.factory.support.AbstractAutowireCapableBeanFactory.doCreateBean(AbstractAutowireCapableBeanFactory.java:606)
	at org.springframework.beans.factory.support.AbstractAutowireCapableBeanFactory.createBean(AbstractAutowireCapableBeanFactory.java:529)
	at org.springframework.beans.factory.support.AbstractBeanFactory.lambda$doGetBean$0(AbstractBeanFactory.java:339)
	at org.springframework.beans.factory.support.DefaultSingletonBeanRegistry.getSingleton(DefaultSingletonBeanRegistry.java:373)
	at org.springframework.beans.factory.support.AbstractBeanFactory.doGetBean(AbstractBeanFactory.java:337)
	at org.springframework.beans.factory.support.AbstractBeanFactory.getBean(AbstractBeanFactory.java:202)
	at org.springframework.beans.factory.config.DependencyDescriptor.resolveCandidate(DependencyDescriptor.java:254)
	at org.springframework.beans.factory.support.DefaultListableBeanFactory.doResolveDependency(DefaultListableBeanFactory.java:1770)
	at org.springframework.beans.factory.support.DefaultListableBeanFactory.resolveDependency(DefaultListableBeanFactory.java:1653)
	at org.springframework.beans.factory.annotation.AutowiredAnnotationBeanPostProcessor$AutowiredFieldElement.resolveFieldValue(AutowiredAnnotationBeanPostProcessor.java:784)
	... 22 common frames omitted
Caused by: org.springframework.beans.factory.UnsatisfiedDependencyException: Error creating bean with name 'userMapper' defined in file [C:\Users\18065\Downloads\fgs2026-01-24-service\target\classes\com\example\computerassociation\mapper\UserMapper.class]: Unsatisfied dependency expressed through bean property 'sqlSessionTemplate': Error creating bean with name 'liquibase' defined in class path resource [org/springframework/boot/autoconfigure/liquibase/LiquibaseAutoConfiguration$LiquibaseConfiguration.class]: liquibase.exception.CommandExecutionException: liquibase.exception.ValidationFailedException: Validation Failed:
     1 changes have validation failures
          The file ../resources/sql/Users.sql was not found in the configured search path:
    - Spring classpath
More locations can be added with the 'searchPath' parameter., db/changelog/db.changelog-1.0.xml::1.0::developer

	at org.springframework.beans.factory.support.AbstractAutowireCapableBeanFactory.autowireByType(AbstractAutowireCapableBeanFactory.java:1556)
	at org.springframework.beans.factory.support.AbstractAutowireCapableBeanFactory.populateBean(AbstractAutowireCapableBeanFactory.java:1450)
	at org.springframework.beans.factory.support.AbstractAutowireCapableBeanFactory.doCreateBean(AbstractAutowireCapableBeanFactory.java:606)
	at org.springframework.beans.factory.support.AbstractAutowireCapableBeanFactory.createBean(AbstractAutowireCapableBeanFactory.java:529)
	at org.springframework.beans.factory.support.AbstractBeanFactory.lambda$doGetBean$0(AbstractBeanFactory.java:339)
	at org.springframework.beans.factory.support.DefaultSingletonBeanRegistry.getSingleton(DefaultSingletonBeanRegistry.java:373)
	at org.springframework.beans.factory.support.AbstractBeanFactory.doGetBean(AbstractBeanFactory.java:337)
	at org.springframework.beans.factory.support.AbstractBeanFactory.getBean(AbstractBeanFactory.java:202)
	at org.springframework.beans.factory.config.DependencyDescriptor.resolveCandidate(DependencyDescriptor.java:254)
	at org.springframework.beans.factory.support.DefaultListableBeanFactory.doResolveDependency(DefaultListableBeanFactory.java:1770)
	at org.springframework.beans.factory.support.DefaultListableBeanFactory.resolveDependency(DefaultListableBeanFactory.java:1653)
	at org.springframework.beans.factory.annotation.AutowiredAnnotationBeanPostProcessor$AutowiredFieldElement.resolveFieldValue(AutowiredAnnotationBeanPostProcessor.java:784)
	... 36 common frames omitted
Caused by: org.springframework.beans.factory.BeanCreationException: Error creating bean with name 'liquibase' defined in class path resource [org/springframework/boot/autoconfigure/liquibase/LiquibaseAutoConfiguration$LiquibaseConfiguration.class]: liquibase.exception.CommandExecutionException: liquibase.exception.ValidationFailedException: Validation Failed:
     1 changes have validation failures
          The file ../resources/sql/Users.sql was not found in the configured search path:
    - Spring classpath
More locations can be added with the 'searchPath' parameter., db/changelog/db.changelog-1.0.xml::1.0::developer

	at org.springframework.beans.factory.support.AbstractAutowireCapableBeanFactory.initializeBean(AbstractAutowireCapableBeanFactory.java:1826)
	at org.springframework.beans.factory.support.AbstractAutowireCapableBeanFactory.doCreateBean(AbstractAutowireCapableBeanFactory.java:607)
	at org.springframework.beans.factory.support.AbstractAutowireCapableBeanFactory.createBean(AbstractAutowireCapableBeanFactory.java:529)
	at org.springframework.beans.factory.support.AbstractBeanFactory.lambda$doGetBean$0(AbstractBeanFactory.java:339)
	at org.springframework.beans.factory.support.DefaultSingletonBeanRegistry.getSingleton(DefaultSingletonBeanRegistry.java:373)
	at org.springframework.beans.factory.support.AbstractBeanFactory.doGetBean(AbstractBeanFactory.java:337)
	at org.springframework.beans.factory.support.AbstractBeanFactory.getBean(AbstractBeanFactory.java:202)
	at org.springframework.beans.factory.support.AbstractBeanFactory.doGetBean(AbstractBeanFactory.java:315)
	at org.springframework.beans.factory.support.AbstractBeanFactory.getBean(AbstractBeanFactory.java:202)
	at org.springframework.beans.factory.config.DependencyDescriptor.resolveCandidate(DependencyDescriptor.java:254)
	at org.springframework.beans.factory.support.DefaultListableBeanFactory.doResolveDependency(DefaultListableBeanFactory.java:1770)
	at org.springframework.beans.factory.support.DefaultListableBeanFactory.resolveDependency(DefaultListableBeanFactory.java:1653)
	at org.springframework.beans.factory.support.AbstractAutowireCapableBeanFactory.autowireByType(AbstractAutowireCapableBeanFactory.java:1541)
	... 47 common frames omitted
Caused by: liquibase.exception.LiquibaseException: liquibase.exception.CommandExecutionException: liquibase.exception.ValidationFailedException: Validation Failed:
     1 changes have validation failures
          The file ../resources/sql/Users.sql was not found in the configured search path:
    - Spring classpath
More locations can be added with the 'searchPath' parameter., db/changelog/db.changelog-1.0.xml::1.0::developer

	at liquibase.integration.spring.SpringLiquibase.afterPropertiesSet(SpringLiquibase.java:288)
	at org.springframework.beans.factory.support.AbstractAutowireCapableBeanFactory.invokeInitMethods(AbstractAutowireCapableBeanFactory.java:1873)
	at org.springframework.beans.factory.support.AbstractAutowireCapableBeanFactory.initializeBean(AbstractAutowireCapableBeanFactory.java:1822)
	... 59 common frames omitted
Caused by: liquibase.exception.CommandExecutionException: liquibase.exception.ValidationFailedException: Validation Failed:
     1 changes have validation failures
          The file ../resources/sql/Users.sql was not found in the configured search path:
    - Spring classpath
More locations can be added with the 'searchPath' parameter., db/changelog/db.changelog-1.0.xml::1.0::developer

	at liquibase.command.CommandScope.lambda$execute$6(CommandScope.java:300)
	at liquibase.Scope.child(Scope.java:210)
	at liquibase.Scope.child(Scope.java:186)
	at liquibase.command.CommandScope.execute(CommandScope.java:241)
	at liquibase.Liquibase.lambda$update$0(Liquibase.java:216)
	at liquibase.Scope.lambda$child$0(Scope.java:201)
	at liquibase.Scope.child(Scope.java:210)
	at liquibase.Scope.child(Scope.java:200)
	at liquibase.Scope.child(Scope.java:179)
	at liquibase.Liquibase.runInScope(Liquibase.java:1333)
	at liquibase.Liquibase.update(Liquibase.java:205)
	at liquibase.Liquibase.update(Liquibase.java:188)
	at liquibase.integration.spring.SpringLiquibase.performUpdate(SpringLiquibase.java:326)
	at liquibase.integration.spring.SpringLiquibase.lambda$afterPropertiesSet$0(SpringLiquibase.java:278)
	at liquibase.Scope.lambda$child$0(Scope.java:201)
	at liquibase.Scope.child(Scope.java:210)
	at liquibase.Scope.child(Scope.java:200)
	at liquibase.Scope.child(Scope.java:179)
	at liquibase.integration.spring.SpringLiquibase.afterPropertiesSet(SpringLiquibase.java:271)
	... 61 common frames omitted
Caused by: liquibase.exception.ValidationFailedException: Validation Failed:
     1 changes have validation failures
          The file ../resources/sql/Users.sql was not found in the configured search path:
    - Spring classpath
More locations can be added with the 'searchPath' parameter., db/changelog/db.changelog-1.0.xml::1.0::developer

	at liquibase.changelog.DatabaseChangeLog.validate(DatabaseChangeLog.java:384)
	at liquibase.command.core.helpers.DatabaseChangelogCommandStep.run(DatabaseChangelogCommandStep.java:88)
	at liquibase.command.CommandScope.lambda$execute$6(CommandScope.java:253)
	... 79 common frames omitted
2026-02-06 01:20:34.289 [main] ERROR org.springframework.boot.SpringApplication - Application run failed
org.springframework.beans.factory.UnsatisfiedDependencyException: Error creating bean with name 'userController': Unsatisfied dependency expressed through field 'userService': Error creating bean with name 'userServiceImpl': Unsatisfied dependency expressed through field 'baseMapper': Error creating bean with name 'userMapper' defined in file [C:\Users\18065\Downloads\fgs2026-01-24-service\target\classes\com\example\computerassociation\mapper\UserMapper.class]: Unsatisfied dependency expressed through bean property 'sqlSessionTemplate': Error creating bean with name 'liquibase' defined in class path resource [org/springframework/boot/autoconfigure/liquibase/LiquibaseAutoConfiguration$LiquibaseConfiguration.class]: liquibase.exception.CommandExecutionException: liquibase.exception.ValidationFailedException: Validation Failed:
     1 changes have validation failures
          The file ../../sql/Users.sql was not found in the configured search path:
    - Spring classpath
More locations can be added with the 'searchPath' parameter., db/changelog/db.changelog-1.0.xml::1.0::developer

	at org.springframework.beans.factory.annotation.AutowiredAnnotationBeanPostProcessor$AutowiredFieldElement.resolveFieldValue(AutowiredAnnotationBeanPostProcessor.java:787)
	at org.springframework.beans.factory.annotation.AutowiredAnnotationBeanPostProcessor$AutowiredFieldElement.inject(AutowiredAnnotationBeanPostProcessor.java:767)
	at org.springframework.beans.factory.annotation.InjectionMetadata.inject(InjectionMetadata.java:146)
	at org.springframework.beans.factory.annotation.AutowiredAnnotationBeanPostProcessor.postProcessProperties(AutowiredAnnotationBeanPostProcessor.java:509)
	at org.springframework.beans.factory.support.AbstractAutowireCapableBeanFactory.populateBean(AbstractAutowireCapableBeanFactory.java:1459)
	at org.springframework.beans.factory.support.AbstractAutowireCapableBeanFactory.doCreateBean(AbstractAutowireCapableBeanFactory.java:606)
	at org.springframework.beans.factory.support.AbstractAutowireCapableBeanFactory.createBean(AbstractAutowireCapableBeanFactory.java:529)
	at org.springframework.beans.factory.support.AbstractBeanFactory.lambda$doGetBean$0(AbstractBeanFactory.java:339)
	at org.springframework.beans.factory.support.DefaultSingletonBeanRegistry.getSingleton(DefaultSingletonBeanRegistry.java:373)
	at org.springframework.beans.factory.support.AbstractBeanFactory.doGetBean(AbstractBeanFactory.java:337)
	at org.springframework.beans.factory.support.AbstractBeanFactory.getBean(AbstractBeanFactory.java:202)
	at org.springframework.beans.factory.support.DefaultListableBeanFactory.instantiateSingleton(DefaultListableBeanFactory.java:1228)
	at org.springframework.beans.factory.support.DefaultListableBeanFactory.preInstantiateSingleton(DefaultListableBeanFactory.java:1194)
	at org.springframework.beans.factory.support.DefaultListableBeanFactory.preInstantiateSingletons(DefaultListableBeanFactory.java:1130)
	at org.springframework.context.support.AbstractApplicationContext.finishBeanFactoryInitialization(AbstractApplicationContext.java:990)
	at org.springframework.context.support.AbstractApplicationContext.refresh(AbstractApplicationContext.java:627)
	at org.springframework.boot.web.servlet.context.ServletWebServerApplicationContext.refresh(ServletWebServerApplicationContext.java:146)
	at org.springframework.boot.SpringApplication.refresh(SpringApplication.java:752)
	at org.springframework.boot.SpringApplication.refreshContext(SpringApplication.java:439)
	at org.springframework.boot.SpringApplication.run(SpringApplication.java:318)
	at org.springframework.boot.SpringApplication.run(SpringApplication.java:1361)
	at org.springframework.boot.SpringApplication.run(SpringApplication.java:1350)
	at com.example.computerassociation.ComputerAssociationApplication.main(ComputerAssociationApplication.java:13)
Caused by: org.springframework.beans.factory.UnsatisfiedDependencyException: Error creating bean with name 'userServiceImpl': Unsatisfied dependency expressed through field 'baseMapper': Error creating bean with name 'userMapper' defined in file [C:\Users\18065\Downloads\fgs2026-01-24-service\target\classes\com\example\computerassociation\mapper\UserMapper.class]: Unsatisfied dependency expressed through bean property 'sqlSessionTemplate': Error creating bean with name 'liquibase' defined in class path resource [org/springframework/boot/autoconfigure/liquibase/LiquibaseAutoConfiguration$LiquibaseConfiguration.class]: liquibase.exception.CommandExecutionException: liquibase.exception.ValidationFailedException: Validation Failed:
     1 changes have validation failures
          The file ../../sql/Users.sql was not found in the configured search path:
    - Spring classpath
More locations can be added with the 'searchPath' parameter., db/changelog/db.changelog-1.0.xml::1.0::developer

	at org.springframework.beans.factory.annotation.AutowiredAnnotationBeanPostProcessor$AutowiredFieldElement.resolveFieldValue(AutowiredAnnotationBeanPostProcessor.java:787)
	at org.springframework.beans.factory.annotation.AutowiredAnnotationBeanPostProcessor$AutowiredFieldElement.inject(AutowiredAnnotationBeanPostProcessor.java:767)
	at org.springframework.beans.factory.annotation.InjectionMetadata.inject(InjectionMetadata.java:146)
	at org.springframework.beans.factory.annotation.AutowiredAnnotationBeanPostProcessor.postProcessProperties(AutowiredAnnotationBeanPostProcessor.java:509)
	at org.springframework.beans.factory.support.AbstractAutowireCapableBeanFactory.populateBean(AbstractAutowireCapableBeanFactory.java:1459)
	at org.springframework.beans.factory.support.AbstractAutowireCapableBeanFactory.doCreateBean(AbstractAutowireCapableBeanFactory.java:606)
	at org.springframework.beans.factory.support.AbstractAutowireCapableBeanFactory.createBean(AbstractAutowireCapableBeanFactory.java:529)
	at org.springframework.beans.factory.support.AbstractBeanFactory.lambda$doGetBean$0(AbstractBeanFactory.java:339)
	at org.springframework.beans.factory.support.DefaultSingletonBeanRegistry.getSingleton(DefaultSingletonBeanRegistry.java:373)
	at org.springframework.beans.factory.support.AbstractBeanFactory.doGetBean(AbstractBeanFactory.java:337)
	at org.springframework.beans.factory.support.AbstractBeanFactory.getBean(AbstractBeanFactory.java:202)
	at org.springframework.beans.factory.config.DependencyDescriptor.resolveCandidate(DependencyDescriptor.java:254)
	at org.springframework.beans.factory.support.DefaultListableBeanFactory.doResolveDependency(DefaultListableBeanFactory.java:1770)
	at org.springframework.beans.factory.support.DefaultListableBeanFactory.resolveDependency(DefaultListableBeanFactory.java:1653)
	at org.springframework.beans.factory.annotation.AutowiredAnnotationBeanPostProcessor$AutowiredFieldElement.resolveFieldValue(AutowiredAnnotationBeanPostProcessor.java:784)
	... 22 common frames omitted
Caused by: org.springframework.beans.factory.UnsatisfiedDependencyException: Error creating bean with name 'userMapper' defined in file [C:\Users\18065\Downloads\fgs2026-01-24-service\target\classes\com\example\computerassociation\mapper\UserMapper.class]: Unsatisfied dependency expressed through bean property 'sqlSessionTemplate': Error creating bean with name 'liquibase' defined in class path resource [org/springframework/boot/autoconfigure/liquibase/LiquibaseAutoConfiguration$LiquibaseConfiguration.class]: liquibase.exception.CommandExecutionException: liquibase.exception.ValidationFailedException: Validation Failed:
     1 changes have validation failures
          The file ../../sql/Users.sql was not found in the configured search path:
    - Spring classpath
More locations can be added with the 'searchPath' parameter., db/changelog/db.changelog-1.0.xml::1.0::developer

	at org.springframework.beans.factory.support.AbstractAutowireCapableBeanFactory.autowireByType(AbstractAutowireCapableBeanFactory.java:1556)
	at org.springframework.beans.factory.support.AbstractAutowireCapableBeanFactory.populateBean(AbstractAutowireCapableBeanFactory.java:1450)
	at org.springframework.beans.factory.support.AbstractAutowireCapableBeanFactory.doCreateBean(AbstractAutowireCapableBeanFactory.java:606)
	at org.springframework.beans.factory.support.AbstractAutowireCapableBeanFactory.createBean(AbstractAutowireCapableBeanFactory.java:529)
	at org.springframework.beans.factory.support.AbstractBeanFactory.lambda$doGetBean$0(AbstractBeanFactory.java:339)
	at org.springframework.beans.factory.support.DefaultSingletonBeanRegistry.getSingleton(DefaultSingletonBeanRegistry.java:373)
	at org.springframework.beans.factory.support.AbstractBeanFactory.doGetBean(AbstractBeanFactory.java:337)
	at org.springframework.beans.factory.support.AbstractBeanFactory.getBean(AbstractBeanFactory.java:202)
	at org.springframework.beans.factory.config.DependencyDescriptor.resolveCandidate(DependencyDescriptor.java:254)
	at org.springframework.beans.factory.support.DefaultListableBeanFactory.doResolveDependency(DefaultListableBeanFactory.java:1770)
	at org.springframework.beans.factory.support.DefaultListableBeanFactory.resolveDependency(DefaultListableBeanFactory.java:1653)
	at org.springframework.beans.factory.annotation.AutowiredAnnotationBeanPostProcessor$AutowiredFieldElement.resolveFieldValue(AutowiredAnnotationBeanPostProcessor.java:784)
	... 36 common frames omitted
Caused by: org.springframework.beans.factory.BeanCreationException: Error creating bean with name 'liquibase' defined in class path resource [org/springframework/boot/autoconfigure/liquibase/LiquibaseAutoConfiguration$LiquibaseConfiguration.class]: liquibase.exception.CommandExecutionException: liquibase.exception.ValidationFailedException: Validation Failed:
     1 changes have validation failures
          The file ../../sql/Users.sql was not found in the configured search path:
    - Spring classpath
More locations can be added with the 'searchPath' parameter., db/changelog/db.changelog-1.0.xml::1.0::developer

	at org.springframework.beans.factory.support.AbstractAutowireCapableBeanFactory.initializeBean(AbstractAutowireCapableBeanFactory.java:1826)
	at org.springframework.beans.factory.support.AbstractAutowireCapableBeanFactory.doCreateBean(AbstractAutowireCapableBeanFactory.java:607)
	at org.springframework.beans.factory.support.AbstractAutowireCapableBeanFactory.createBean(AbstractAutowireCapableBeanFactory.java:529)
	at org.springframework.beans.factory.support.AbstractBeanFactory.lambda$doGetBean$0(AbstractBeanFactory.java:339)
	at org.springframework.beans.factory.support.DefaultSingletonBeanRegistry.getSingleton(DefaultSingletonBeanRegistry.java:373)
	at org.springframework.beans.factory.support.AbstractBeanFactory.doGetBean(AbstractBeanFactory.java:337)
	at org.springframework.beans.factory.support.AbstractBeanFactory.getBean(AbstractBeanFactory.java:202)
	at org.springframework.beans.factory.support.AbstractBeanFactory.doGetBean(AbstractBeanFactory.java:315)
	at org.springframework.beans.factory.support.AbstractBeanFactory.getBean(AbstractBeanFactory.java:202)
	at org.springframework.beans.factory.config.DependencyDescriptor.resolveCandidate(DependencyDescriptor.java:254)
	at org.springframework.beans.factory.support.DefaultListableBeanFactory.doResolveDependency(DefaultListableBeanFactory.java:1770)
	at org.springframework.beans.factory.support.DefaultListableBeanFactory.resolveDependency(DefaultListableBeanFactory.java:1653)
	at org.springframework.beans.factory.support.AbstractAutowireCapableBeanFactory.autowireByType(AbstractAutowireCapableBeanFactory.java:1541)
	... 47 common frames omitted
Caused by: liquibase.exception.LiquibaseException: liquibase.exception.CommandExecutionException: liquibase.exception.ValidationFailedException: Validation Failed:
     1 changes have validation failures
          The file ../../sql/Users.sql was not found in the configured search path:
    - Spring classpath
More locations can be added with the 'searchPath' parameter., db/changelog/db.changelog-1.0.xml::1.0::developer

	at liquibase.integration.spring.SpringLiquibase.afterPropertiesSet(SpringLiquibase.java:288)
	at org.springframework.beans.factory.support.AbstractAutowireCapableBeanFactory.invokeInitMethods(AbstractAutowireCapableBeanFactory.java:1873)
	at org.springframework.beans.factory.support.AbstractAutowireCapableBeanFactory.initializeBean(AbstractAutowireCapableBeanFactory.java:1822)
	... 59 common frames omitted
Caused by: liquibase.exception.CommandExecutionException: liquibase.exception.ValidationFailedException: Validation Failed:
     1 changes have validation failures
          The file ../../sql/Users.sql was not found in the configured search path:
    - Spring classpath
More locations can be added with the 'searchPath' parameter., db/changelog/db.changelog-1.0.xml::1.0::developer

	at liquibase.command.CommandScope.lambda$execute$6(CommandScope.java:300)
	at liquibase.Scope.child(Scope.java:210)
	at liquibase.Scope.child(Scope.java:186)
	at liquibase.command.CommandScope.execute(CommandScope.java:241)
	at liquibase.Liquibase.lambda$update$0(Liquibase.java:216)
	at liquibase.Scope.lambda$child$0(Scope.java:201)
	at liquibase.Scope.child(Scope.java:210)
	at liquibase.Scope.child(Scope.java:200)
	at liquibase.Scope.child(Scope.java:179)
	at liquibase.Liquibase.runInScope(Liquibase.java:1333)
	at liquibase.Liquibase.update(Liquibase.java:205)
	at liquibase.Liquibase.update(Liquibase.java:188)
	at liquibase.integration.spring.SpringLiquibase.performUpdate(SpringLiquibase.java:326)
	at liquibase.integration.spring.SpringLiquibase.lambda$afterPropertiesSet$0(SpringLiquibase.java:278)
	at liquibase.Scope.lambda$child$0(Scope.java:201)
	at liquibase.Scope.child(Scope.java:210)
	at liquibase.Scope.child(Scope.java:200)
	at liquibase.Scope.child(Scope.java:179)
	at liquibase.integration.spring.SpringLiquibase.afterPropertiesSet(SpringLiquibase.java:271)
	... 61 common frames omitted
Caused by: liquibase.exception.ValidationFailedException: Validation Failed:
     1 changes have validation failures
          The file ../../sql/Users.sql was not found in the configured search path:
    - Spring classpath
More locations can be added with the 'searchPath' parameter., db/changelog/db.changelog-1.0.xml::1.0::developer

	at liquibase.changelog.DatabaseChangeLog.validate(DatabaseChangeLog.java:384)
	at liquibase.command.core.helpers.DatabaseChangelogCommandStep.run(DatabaseChangelogCommandStep.java:88)
	at liquibase.command.CommandScope.lambda$execute$6(CommandScope.java:253)
	... 79 common frames omitted
2026-02-06 01:20:52.609 [main] ERROR org.springframework.boot.SpringApplication - Application run failed
org.springframework.beans.factory.UnsatisfiedDependencyException: Error creating bean with name 'userController': Unsatisfied dependency expressed through field 'userService': Error creating bean with name 'userServiceImpl': Unsatisfied dependency expressed through field 'baseMapper': Error creating bean with name 'userMapper' defined in file [C:\Users\18065\Downloads\fgs2026-01-24-service\target\classes\com\example\computerassociation\mapper\UserMapper.class]: Unsatisfied dependency expressed through bean property 'sqlSessionTemplate': Error creating bean with name 'liquibase' defined in class path resource [org/springframework/boot/autoconfigure/liquibase/LiquibaseAutoConfiguration$LiquibaseConfiguration.class]: liquibase.exception.CommandExecutionException: liquibase.exception.ValidationFailedException: Validation Failed:
     1 changes have validation failures
          The file ../../sql/Users.sql was not found in the configured search path:
    - Spring classpath
More locations can be added with the 'searchPath' parameter., db/changelog/db.changelog-1.0.xml::1.0::developer

	at org.springframework.beans.factory.annotation.AutowiredAnnotationBeanPostProcessor$AutowiredFieldElement.resolveFieldValue(AutowiredAnnotationBeanPostProcessor.java:787)
	at org.springframework.beans.factory.annotation.AutowiredAnnotationBeanPostProcessor$AutowiredFieldElement.inject(AutowiredAnnotationBeanPostProcessor.java:767)
	at org.springframework.beans.factory.annotation.InjectionMetadata.inject(InjectionMetadata.java:146)
	at org.springframework.beans.factory.annotation.AutowiredAnnotationBeanPostProcessor.postProcessProperties(AutowiredAnnotationBeanPostProcessor.java:509)
	at org.springframework.beans.factory.support.AbstractAutowireCapableBeanFactory.populateBean(AbstractAutowireCapableBeanFactory.java:1459)
	at org.springframework.beans.factory.support.AbstractAutowireCapableBeanFactory.doCreateBean(AbstractAutowireCapableBeanFactory.java:606)
	at org.springframework.beans.factory.support.AbstractAutowireCapableBeanFactory.createBean(AbstractAutowireCapableBeanFactory.java:529)
	at org.springframework.beans.factory.support.AbstractBeanFactory.lambda$doGetBean$0(AbstractBeanFactory.java:339)
	at org.springframework.beans.factory.support.DefaultSingletonBeanRegistry.getSingleton(DefaultSingletonBeanRegistry.java:373)
	at org.springframework.beans.factory.support.AbstractBeanFactory.doGetBean(AbstractBeanFactory.java:337)
	at org.springframework.beans.factory.support.AbstractBeanFactory.getBean(AbstractBeanFactory.java:202)
	at org.springframework.beans.factory.support.DefaultListableBeanFactory.instantiateSingleton(DefaultListableBeanFactory.java:1228)
	at org.springframework.beans.factory.support.DefaultListableBeanFactory.preInstantiateSingleton(DefaultListableBeanFactory.java:1194)
	at org.springframework.beans.factory.support.DefaultListableBeanFactory.preInstantiateSingletons(DefaultListableBeanFactory.java:1130)
	at org.springframework.context.support.AbstractApplicationContext.finishBeanFactoryInitialization(AbstractApplicationContext.java:990)
	at org.springframework.context.support.AbstractApplicationContext.refresh(AbstractApplicationContext.java:627)
	at org.springframework.boot.web.servlet.context.ServletWebServerApplicationContext.refresh(ServletWebServerApplicationContext.java:146)
	at org.springframework.boot.SpringApplication.refresh(SpringApplication.java:752)
	at org.springframework.boot.SpringApplication.refreshContext(SpringApplication.java:439)
	at org.springframework.boot.SpringApplication.run(SpringApplication.java:318)
	at org.springframework.boot.SpringApplication.run(SpringApplication.java:1361)
	at org.springframework.boot.SpringApplication.run(SpringApplication.java:1350)
	at com.example.computerassociation.ComputerAssociationApplication.main(ComputerAssociationApplication.java:13)
Caused by: org.springframework.beans.factory.UnsatisfiedDependencyException: Error creating bean with name 'userServiceImpl': Unsatisfied dependency expressed through field 'baseMapper': Error creating bean with name 'userMapper' defined in file [C:\Users\18065\Downloads\fgs2026-01-24-service\target\classes\com\example\computerassociation\mapper\UserMapper.class]: Unsatisfied dependency expressed through bean property 'sqlSessionTemplate': Error creating bean with name 'liquibase' defined in class path resource [org/springframework/boot/autoconfigure/liquibase/LiquibaseAutoConfiguration$LiquibaseConfiguration.class]: liquibase.exception.CommandExecutionException: liquibase.exception.ValidationFailedException: Validation Failed:
     1 changes have validation failures
          The file ../../sql/Users.sql was not found in the configured search path:
    - Spring classpath
More locations can be added with the 'searchPath' parameter., db/changelog/db.changelog-1.0.xml::1.0::developer

	at org.springframework.beans.factory.annotation.AutowiredAnnotationBeanPostProcessor$AutowiredFieldElement.resolveFieldValue(AutowiredAnnotationBeanPostProcessor.java:787)
	at org.springframework.beans.factory.annotation.AutowiredAnnotationBeanPostProcessor$AutowiredFieldElement.inject(AutowiredAnnotationBeanPostProcessor.java:767)
	at org.springframework.beans.factory.annotation.InjectionMetadata.inject(InjectionMetadata.java:146)
	at org.springframework.beans.factory.annotation.AutowiredAnnotationBeanPostProcessor.postProcessProperties(AutowiredAnnotationBeanPostProcessor.java:509)
	at org.springframework.beans.factory.support.AbstractAutowireCapableBeanFactory.populateBean(AbstractAutowireCapableBeanFactory.java:1459)
	at org.springframework.beans.factory.support.AbstractAutowireCapableBeanFactory.doCreateBean(AbstractAutowireCapableBeanFactory.java:606)
	at org.springframework.beans.factory.support.AbstractAutowireCapableBeanFactory.createBean(AbstractAutowireCapableBeanFactory.java:529)
	at org.springframework.beans.factory.support.AbstractBeanFactory.lambda$doGetBean$0(AbstractBeanFactory.java:339)
	at org.springframework.beans.factory.support.DefaultSingletonBeanRegistry.getSingleton(DefaultSingletonBeanRegistry.java:373)
	at org.springframework.beans.factory.support.AbstractBeanFactory.doGetBean(AbstractBeanFactory.java:337)
	at org.springframework.beans.factory.support.AbstractBeanFactory.getBean(AbstractBeanFactory.java:202)
	at org.springframework.beans.factory.config.DependencyDescriptor.resolveCandidate(DependencyDescriptor.java:254)
	at org.springframework.beans.factory.support.DefaultListableBeanFactory.doResolveDependency(DefaultListableBeanFactory.java:1770)
	at org.springframework.beans.factory.support.DefaultListableBeanFactory.resolveDependency(DefaultListableBeanFactory.java:1653)
	at org.springframework.beans.factory.annotation.AutowiredAnnotationBeanPostProcessor$AutowiredFieldElement.resolveFieldValue(AutowiredAnnotationBeanPostProcessor.java:784)
	... 22 common frames omitted
Caused by: org.springframework.beans.factory.UnsatisfiedDependencyException: Error creating bean with name 'userMapper' defined in file [C:\Users\18065\Downloads\fgs2026-01-24-service\target\classes\com\example\computerassociation\mapper\UserMapper.class]: Unsatisfied dependency expressed through bean property 'sqlSessionTemplate': Error creating bean with name 'liquibase' defined in class path resource [org/springframework/boot/autoconfigure/liquibase/LiquibaseAutoConfiguration$LiquibaseConfiguration.class]: liquibase.exception.CommandExecutionException: liquibase.exception.ValidationFailedException: Validation Failed:
     1 changes have validation failures
          The file ../../sql/Users.sql was not found in the configured search path:
    - Spring classpath
More locations can be added with the 'searchPath' parameter., db/changelog/db.changelog-1.0.xml::1.0::developer

	at org.springframework.beans.factory.support.AbstractAutowireCapableBeanFactory.autowireByType(AbstractAutowireCapableBeanFactory.java:1556)
	at org.springframework.beans.factory.support.AbstractAutowireCapableBeanFactory.populateBean(AbstractAutowireCapableBeanFactory.java:1450)
	at org.springframework.beans.factory.support.AbstractAutowireCapableBeanFactory.doCreateBean(AbstractAutowireCapableBeanFactory.java:606)
	at org.springframework.beans.factory.support.AbstractAutowireCapableBeanFactory.createBean(AbstractAutowireCapableBeanFactory.java:529)
	at org.springframework.beans.factory.support.AbstractBeanFactory.lambda$doGetBean$0(AbstractBeanFactory.java:339)
	at org.springframework.beans.factory.support.DefaultSingletonBeanRegistry.getSingleton(DefaultSingletonBeanRegistry.java:373)
	at org.springframework.beans.factory.support.AbstractBeanFactory.doGetBean(AbstractBeanFactory.java:337)
	at org.springframework.beans.factory.support.AbstractBeanFactory.getBean(AbstractBeanFactory.java:202)
	at org.springframework.beans.factory.config.DependencyDescriptor.resolveCandidate(DependencyDescriptor.java:254)
	at org.springframework.beans.factory.support.DefaultListableBeanFactory.doResolveDependency(DefaultListableBeanFactory.java:1770)
	at org.springframework.beans.factory.support.DefaultListableBeanFactory.resolveDependency(DefaultListableBeanFactory.java:1653)
	at org.springframework.beans.factory.annotation.AutowiredAnnotationBeanPostProcessor$AutowiredFieldElement.resolveFieldValue(AutowiredAnnotationBeanPostProcessor.java:784)
	... 36 common frames omitted
Caused by: org.springframework.beans.factory.BeanCreationException: Error creating bean with name 'liquibase' defined in class path resource [org/springframework/boot/autoconfigure/liquibase/LiquibaseAutoConfiguration$LiquibaseConfiguration.class]: liquibase.exception.CommandExecutionException: liquibase.exception.ValidationFailedException: Validation Failed:
     1 changes have validation failures
          The file ../../sql/Users.sql was not found in the configured search path:
    - Spring classpath
More locations can be added with the 'searchPath' parameter., db/changelog/db.changelog-1.0.xml::1.0::developer

	at org.springframework.beans.factory.support.AbstractAutowireCapableBeanFactory.initializeBean(AbstractAutowireCapableBeanFactory.java:1826)
	at org.springframework.beans.factory.support.AbstractAutowireCapableBeanFactory.doCreateBean(AbstractAutowireCapableBeanFactory.java:607)
	at org.springframework.beans.factory.support.AbstractAutowireCapableBeanFactory.createBean(AbstractAutowireCapableBeanFactory.java:529)
	at org.springframework.beans.factory.support.AbstractBeanFactory.lambda$doGetBean$0(AbstractBeanFactory.java:339)
	at org.springframework.beans.factory.support.DefaultSingletonBeanRegistry.getSingleton(DefaultSingletonBeanRegistry.java:373)
	at org.springframework.beans.factory.support.AbstractBeanFactory.doGetBean(AbstractBeanFactory.java:337)
	at org.springframework.beans.factory.support.AbstractBeanFactory.getBean(AbstractBeanFactory.java:202)
	at org.springframework.beans.factory.support.AbstractBeanFactory.doGetBean(AbstractBeanFactory.java:315)
	at org.springframework.beans.factory.support.AbstractBeanFactory.getBean(AbstractBeanFactory.java:202)
	at org.springframework.beans.factory.config.DependencyDescriptor.resolveCandidate(DependencyDescriptor.java:254)
	at org.springframework.beans.factory.support.DefaultListableBeanFactory.doResolveDependency(DefaultListableBeanFactory.java:1770)
	at org.springframework.beans.factory.support.DefaultListableBeanFactory.resolveDependency(DefaultListableBeanFactory.java:1653)
	at org.springframework.beans.factory.support.AbstractAutowireCapableBeanFactory.autowireByType(AbstractAutowireCapableBeanFactory.java:1541)
	... 47 common frames omitted
Caused by: liquibase.exception.LiquibaseException: liquibase.exception.CommandExecutionException: liquibase.exception.ValidationFailedException: Validation Failed:
     1 changes have validation failures
          The file ../../sql/Users.sql was not found in the configured search path:
    - Spring classpath
More locations can be added with the 'searchPath' parameter., db/changelog/db.changelog-1.0.xml::1.0::developer

	at liquibase.integration.spring.SpringLiquibase.afterPropertiesSet(SpringLiquibase.java:288)
	at org.springframework.beans.factory.support.AbstractAutowireCapableBeanFactory.invokeInitMethods(AbstractAutowireCapableBeanFactory.java:1873)
	at org.springframework.beans.factory.support.AbstractAutowireCapableBeanFactory.initializeBean(AbstractAutowireCapableBeanFactory.java:1822)
	... 59 common frames omitted
Caused by: liquibase.exception.CommandExecutionException: liquibase.exception.ValidationFailedException: Validation Failed:
     1 changes have validation failures
          The file ../../sql/Users.sql was not found in the configured search path:
    - Spring classpath
More locations can be added with the 'searchPath' parameter., db/changelog/db.changelog-1.0.xml::1.0::developer

	at liquibase.command.CommandScope.lambda$execute$6(CommandScope.java:300)
	at liquibase.Scope.child(Scope.java:210)
	at liquibase.Scope.child(Scope.java:186)
	at liquibase.command.CommandScope.execute(CommandScope.java:241)
	at liquibase.Liquibase.lambda$update$0(Liquibase.java:216)
	at liquibase.Scope.lambda$child$0(Scope.java:201)
	at liquibase.Scope.child(Scope.java:210)
	at liquibase.Scope.child(Scope.java:200)
	at liquibase.Scope.child(Scope.java:179)
	at liquibase.Liquibase.runInScope(Liquibase.java:1333)
	at liquibase.Liquibase.update(Liquibase.java:205)
	at liquibase.Liquibase.update(Liquibase.java:188)
	at liquibase.integration.spring.SpringLiquibase.performUpdate(SpringLiquibase.java:326)
	at liquibase.integration.spring.SpringLiquibase.lambda$afterPropertiesSet$0(SpringLiquibase.java:278)
	at liquibase.Scope.lambda$child$0(Scope.java:201)
	at liquibase.Scope.child(Scope.java:210)
	at liquibase.Scope.child(Scope.java:200)
	at liquibase.Scope.child(Scope.java:179)
	at liquibase.integration.spring.SpringLiquibase.afterPropertiesSet(SpringLiquibase.java:271)
	... 61 common frames omitted
Caused by: liquibase.exception.ValidationFailedException: Validation Failed:
     1 changes have validation failures
          The file ../../sql/Users.sql was not found in the configured search path:
    - Spring classpath
More locations can be added with the 'searchPath' parameter., db/changelog/db.changelog-1.0.xml::1.0::developer

	at liquibase.changelog.DatabaseChangeLog.validate(DatabaseChangeLog.java:384)
	at liquibase.command.core.helpers.DatabaseChangelogCommandStep.run(DatabaseChangelogCommandStep.java:88)
	at liquibase.command.CommandScope.lambda$execute$6(CommandScope.java:253)
	... 79 common frames omitted
2026-02-06 01:21:27.909 [main] ERROR org.springframework.boot.SpringApplication - Application run failed
org.springframework.beans.factory.UnsatisfiedDependencyException: Error creating bean with name 'userController': Unsatisfied dependency expressed through field 'userService': Error creating bean with name 'userServiceImpl': Unsatisfied dependency expressed through field 'baseMapper': Error creating bean with name 'userMapper' defined in file [C:\Users\18065\Downloads\fgs2026-01-24-service\target\classes\com\example\computerassociation\mapper\UserMapper.class]: Unsatisfied dependency expressed through bean property 'sqlSessionTemplate': Error creating bean with name 'liquibase' defined in class path resource [org/springframework/boot/autoconfigure/liquibase/LiquibaseAutoConfiguration$LiquibaseConfiguration.class]: liquibase.exception.CommandExecutionException: liquibase.exception.ValidationFailedException: Validation Failed:
     1 changes have validation failures
          The file ../../sql/Users.sql was not found in the configured search path:
    - Spring classpath
More locations can be added with the 'searchPath' parameter., db/changelog/db.changelog-1.0.xml::1.0::developer

	at org.springframework.beans.factory.annotation.AutowiredAnnotationBeanPostProcessor$AutowiredFieldElement.resolveFieldValue(AutowiredAnnotationBeanPostProcessor.java:787)
	at org.springframework.beans.factory.annotation.AutowiredAnnotationBeanPostProcessor$AutowiredFieldElement.inject(AutowiredAnnotationBeanPostProcessor.java:767)
	at org.springframework.beans.factory.annotation.InjectionMetadata.inject(InjectionMetadata.java:146)
	at org.springframework.beans.factory.annotation.AutowiredAnnotationBeanPostProcessor.postProcessProperties(AutowiredAnnotationBeanPostProcessor.java:509)
	at org.springframework.beans.factory.support.AbstractAutowireCapableBeanFactory.populateBean(AbstractAutowireCapableBeanFactory.java:1459)
	at org.springframework.beans.factory.support.AbstractAutowireCapableBeanFactory.doCreateBean(AbstractAutowireCapableBeanFactory.java:606)
	at org.springframework.beans.factory.support.AbstractAutowireCapableBeanFactory.createBean(AbstractAutowireCapableBeanFactory.java:529)
	at org.springframework.beans.factory.support.AbstractBeanFactory.lambda$doGetBean$0(AbstractBeanFactory.java:339)
	at org.springframework.beans.factory.support.DefaultSingletonBeanRegistry.getSingleton(DefaultSingletonBeanRegistry.java:373)
	at org.springframework.beans.factory.support.AbstractBeanFactory.doGetBean(AbstractBeanFactory.java:337)
	at org.springframework.beans.factory.support.AbstractBeanFactory.getBean(AbstractBeanFactory.java:202)
	at org.springframework.beans.factory.support.DefaultListableBeanFactory.instantiateSingleton(DefaultListableBeanFactory.java:1228)
	at org.springframework.beans.factory.support.DefaultListableBeanFactory.preInstantiateSingleton(DefaultListableBeanFactory.java:1194)
	at org.springframework.beans.factory.support.DefaultListableBeanFactory.preInstantiateSingletons(DefaultListableBeanFactory.java:1130)
	at org.springframework.context.support.AbstractApplicationContext.finishBeanFactoryInitialization(AbstractApplicationContext.java:990)
	at org.springframework.context.support.AbstractApplicationContext.refresh(AbstractApplicationContext.java:627)
	at org.springframework.boot.web.servlet.context.ServletWebServerApplicationContext.refresh(ServletWebServerApplicationContext.java:146)
	at org.springframework.boot.SpringApplication.refresh(SpringApplication.java:752)
	at org.springframework.boot.SpringApplication.refreshContext(SpringApplication.java:439)
	at org.springframework.boot.SpringApplication.run(SpringApplication.java:318)
	at org.springframework.boot.SpringApplication.run(SpringApplication.java:1361)
	at org.springframework.boot.SpringApplication.run(SpringApplication.java:1350)
	at com.example.computerassociation.ComputerAssociationApplication.main(ComputerAssociationApplication.java:13)
Caused by: org.springframework.beans.factory.UnsatisfiedDependencyException: Error creating bean with name 'userServiceImpl': Unsatisfied dependency expressed through field 'baseMapper': Error creating bean with name 'userMapper' defined in file [C:\Users\18065\Downloads\fgs2026-01-24-service\target\classes\com\example\computerassociation\mapper\UserMapper.class]: Unsatisfied dependency expressed through bean property 'sqlSessionTemplate': Error creating bean with name 'liquibase' defined in class path resource [org/springframework/boot/autoconfigure/liquibase/LiquibaseAutoConfiguration$LiquibaseConfiguration.class]: liquibase.exception.CommandExecutionException: liquibase.exception.ValidationFailedException: Validation Failed:
     1 changes have validation failures
          The file ../../sql/Users.sql was not found in the configured search path:
    - Spring classpath
More locations can be added with the 'searchPath' parameter., db/changelog/db.changelog-1.0.xml::1.0::developer

	at org.springframework.beans.factory.annotation.AutowiredAnnotationBeanPostProcessor$AutowiredFieldElement.resolveFieldValue(AutowiredAnnotationBeanPostProcessor.java:787)
	at org.springframework.beans.factory.annotation.AutowiredAnnotationBeanPostProcessor$AutowiredFieldElement.inject(AutowiredAnnotationBeanPostProcessor.java:767)
	at org.springframework.beans.factory.annotation.InjectionMetadata.inject(InjectionMetadata.java:146)
	at org.springframework.beans.factory.annotation.AutowiredAnnotationBeanPostProcessor.postProcessProperties(AutowiredAnnotationBeanPostProcessor.java:509)
	at org.springframework.beans.factory.support.AbstractAutowireCapableBeanFactory.populateBean(AbstractAutowireCapableBeanFactory.java:1459)
	at org.springframework.beans.factory.support.AbstractAutowireCapableBeanFactory.doCreateBean(AbstractAutowireCapableBeanFactory.java:606)
	at org.springframework.beans.factory.support.AbstractAutowireCapableBeanFactory.createBean(AbstractAutowireCapableBeanFactory.java:529)
	at org.springframework.beans.factory.support.AbstractBeanFactory.lambda$doGetBean$0(AbstractBeanFactory.java:339)
	at org.springframework.beans.factory.support.DefaultSingletonBeanRegistry.getSingleton(DefaultSingletonBeanRegistry.java:373)
	at org.springframework.beans.factory.support.AbstractBeanFactory.doGetBean(AbstractBeanFactory.java:337)
	at org.springframework.beans.factory.support.AbstractBeanFactory.getBean(AbstractBeanFactory.java:202)
	at org.springframework.beans.factory.config.DependencyDescriptor.resolveCandidate(DependencyDescriptor.java:254)
	at org.springframework.beans.factory.support.DefaultListableBeanFactory.doResolveDependency(DefaultListableBeanFactory.java:1770)
	at org.springframework.beans.factory.support.DefaultListableBeanFactory.resolveDependency(DefaultListableBeanFactory.java:1653)
	at org.springframework.beans.factory.annotation.AutowiredAnnotationBeanPostProcessor$AutowiredFieldElement.resolveFieldValue(AutowiredAnnotationBeanPostProcessor.java:784)
	... 22 common frames omitted
Caused by: org.springframework.beans.factory.UnsatisfiedDependencyException: Error creating bean with name 'userMapper' defined in file [C:\Users\18065\Downloads\fgs2026-01-24-service\target\classes\com\example\computerassociation\mapper\UserMapper.class]: Unsatisfied dependency expressed through bean property 'sqlSessionTemplate': Error creating bean with name 'liquibase' defined in class path resource [org/springframework/boot/autoconfigure/liquibase/LiquibaseAutoConfiguration$LiquibaseConfiguration.class]: liquibase.exception.CommandExecutionException: liquibase.exception.ValidationFailedException: Validation Failed:
     1 changes have validation failures
          The file ../../sql/Users.sql was not found in the configured search path:
    - Spring classpath
More locations can be added with the 'searchPath' parameter., db/changelog/db.changelog-1.0.xml::1.0::developer

	at org.springframework.beans.factory.support.AbstractAutowireCapableBeanFactory.autowireByType(AbstractAutowireCapableBeanFactory.java:1556)
	at org.springframework.beans.factory.support.AbstractAutowireCapableBeanFactory.populateBean(AbstractAutowireCapableBeanFactory.java:1450)
	at org.springframework.beans.factory.support.AbstractAutowireCapableBeanFactory.doCreateBean(AbstractAutowireCapableBeanFactory.java:606)
	at org.springframework.beans.factory.support.AbstractAutowireCapableBeanFactory.createBean(AbstractAutowireCapableBeanFactory.java:529)
	at org.springframework.beans.factory.support.AbstractBeanFactory.lambda$doGetBean$0(AbstractBeanFactory.java:339)
	at org.springframework.beans.factory.support.DefaultSingletonBeanRegistry.getSingleton(DefaultSingletonBeanRegistry.java:373)
	at org.springframework.beans.factory.support.AbstractBeanFactory.doGetBean(AbstractBeanFactory.java:337)
	at org.springframework.beans.factory.support.AbstractBeanFactory.getBean(AbstractBeanFactory.java:202)
	at org.springframework.beans.factory.config.DependencyDescriptor.resolveCandidate(DependencyDescriptor.java:254)
	at org.springframework.beans.factory.support.DefaultListableBeanFactory.doResolveDependency(DefaultListableBeanFactory.java:1770)
	at org.springframework.beans.factory.support.DefaultListableBeanFactory.resolveDependency(DefaultListableBeanFactory.java:1653)
	at org.springframework.beans.factory.annotation.AutowiredAnnotationBeanPostProcessor$AutowiredFieldElement.resolveFieldValue(AutowiredAnnotationBeanPostProcessor.java:784)
	... 36 common frames omitted
Caused by: org.springframework.beans.factory.BeanCreationException: Error creating bean with name 'liquibase' defined in class path resource [org/springframework/boot/autoconfigure/liquibase/LiquibaseAutoConfiguration$LiquibaseConfiguration.class]: liquibase.exception.CommandExecutionException: liquibase.exception.ValidationFailedException: Validation Failed:
     1 changes have validation failures
          The file ../../sql/Users.sql was not found in the configured search path:
    - Spring classpath
More locations can be added with the 'searchPath' parameter., db/changelog/db.changelog-1.0.xml::1.0::developer

	at org.springframework.beans.factory.support.AbstractAutowireCapableBeanFactory.initializeBean(AbstractAutowireCapableBeanFactory.java:1826)
	at org.springframework.beans.factory.support.AbstractAutowireCapableBeanFactory.doCreateBean(AbstractAutowireCapableBeanFactory.java:607)
	at org.springframework.beans.factory.support.AbstractAutowireCapableBeanFactory.createBean(AbstractAutowireCapableBeanFactory.java:529)
	at org.springframework.beans.factory.support.AbstractBeanFactory.lambda$doGetBean$0(AbstractBeanFactory.java:339)
	at org.springframework.beans.factory.support.DefaultSingletonBeanRegistry.getSingleton(DefaultSingletonBeanRegistry.java:373)
	at org.springframework.beans.factory.support.AbstractBeanFactory.doGetBean(AbstractBeanFactory.java:337)
	at org.springframework.beans.factory.support.AbstractBeanFactory.getBean(AbstractBeanFactory.java:202)
	at org.springframework.beans.factory.support.AbstractBeanFactory.doGetBean(AbstractBeanFactory.java:315)
	at org.springframework.beans.factory.support.AbstractBeanFactory.getBean(AbstractBeanFactory.java:202)
	at org.springframework.beans.factory.config.DependencyDescriptor.resolveCandidate(DependencyDescriptor.java:254)
	at org.springframework.beans.factory.support.DefaultListableBeanFactory.doResolveDependency(DefaultListableBeanFactory.java:1770)
	at org.springframework.beans.factory.support.DefaultListableBeanFactory.resolveDependency(DefaultListableBeanFactory.java:1653)
	at org.springframework.beans.factory.support.AbstractAutowireCapableBeanFactory.autowireByType(AbstractAutowireCapableBeanFactory.java:1541)
	... 47 common frames omitted
Caused by: liquibase.exception.LiquibaseException: liquibase.exception.CommandExecutionException: liquibase.exception.ValidationFailedException: Validation Failed:
     1 changes have validation failures
          The file ../../sql/Users.sql was not found in the configured search path:
    - Spring classpath
More locations can be added with the 'searchPath' parameter., db/changelog/db.changelog-1.0.xml::1.0::developer

	at liquibase.integration.spring.SpringLiquibase.afterPropertiesSet(SpringLiquibase.java:288)
	at org.springframework.beans.factory.support.AbstractAutowireCapableBeanFactory.invokeInitMethods(AbstractAutowireCapableBeanFactory.java:1873)
	at org.springframework.beans.factory.support.AbstractAutowireCapableBeanFactory.initializeBean(AbstractAutowireCapableBeanFactory.java:1822)
	... 59 common frames omitted
Caused by: liquibase.exception.CommandExecutionException: liquibase.exception.ValidationFailedException: Validation Failed:
     1 changes have validation failures
          The file ../../sql/Users.sql was not found in the configured search path:
    - Spring classpath
More locations can be added with the 'searchPath' parameter., db/changelog/db.changelog-1.0.xml::1.0::developer

	at liquibase.command.CommandScope.lambda$execute$6(CommandScope.java:300)
	at liquibase.Scope.child(Scope.java:210)
	at liquibase.Scope.child(Scope.java:186)
	at liquibase.command.CommandScope.execute(CommandScope.java:241)
	at liquibase.Liquibase.lambda$update$0(Liquibase.java:216)
	at liquibase.Scope.lambda$child$0(Scope.java:201)
	at liquibase.Scope.child(Scope.java:210)
	at liquibase.Scope.child(Scope.java:200)
	at liquibase.Scope.child(Scope.java:179)
	at liquibase.Liquibase.runInScope(Liquibase.java:1333)
	at liquibase.Liquibase.update(Liquibase.java:205)
	at liquibase.Liquibase.update(Liquibase.java:188)
	at liquibase.integration.spring.SpringLiquibase.performUpdate(SpringLiquibase.java:326)
	at liquibase.integration.spring.SpringLiquibase.lambda$afterPropertiesSet$0(SpringLiquibase.java:278)
	at liquibase.Scope.lambda$child$0(Scope.java:201)
	at liquibase.Scope.child(Scope.java:210)
	at liquibase.Scope.child(Scope.java:200)
	at liquibase.Scope.child(Scope.java:179)
	at liquibase.integration.spring.SpringLiquibase.afterPropertiesSet(SpringLiquibase.java:271)
	... 61 common frames omitted
Caused by: liquibase.exception.ValidationFailedException: Validation Failed:
     1 changes have validation failures
          The file ../../sql/Users.sql was not found in the configured search path:
    - Spring classpath
More locations can be added with the 'searchPath' parameter., db/changelog/db.changelog-1.0.xml::1.0::developer

	at liquibase.changelog.DatabaseChangeLog.validate(DatabaseChangeLog.java:384)
	at liquibase.command.core.helpers.DatabaseChangelogCommandStep.run(DatabaseChangelogCommandStep.java:88)
	at liquibase.command.CommandScope.lambda$execute$6(CommandScope.java:253)
	... 79 common frames omitted
2026-02-06 01:24:06.917 [main] ERROR org.springframework.boot.SpringApplication - Application run failed
org.springframework.beans.factory.UnsatisfiedDependencyException: Error creating bean with name 'userController': Unsatisfied dependency expressed through field 'userService': Error creating bean with name 'userServiceImpl': Unsatisfied dependency expressed through field 'baseMapper': Error creating bean with name 'userMapper' defined in file [C:\Users\18065\Downloads\fgs2026-01-24-service\target\classes\com\example\computerassociation\mapper\UserMapper.class]: Unsatisfied dependency expressed through bean property 'sqlSessionTemplate': Error creating bean with name 'liquibase' defined in class path resource [org/springframework/boot/autoconfigure/liquibase/LiquibaseAutoConfiguration$LiquibaseConfiguration.class]: liquibase.exception.CommandExecutionException: liquibase.exception.ValidationFailedException: Validation Failed:
     1 changes have validation failures
          The file ../../sql/Users.sql was not found in the configured search path:
    - Spring classpath
More locations can be added with the 'searchPath' parameter., db/changelog/db.changelog-1.0.xml::1.0::developer

	at org.springframework.beans.factory.annotation.AutowiredAnnotationBeanPostProcessor$AutowiredFieldElement.resolveFieldValue(AutowiredAnnotationBeanPostProcessor.java:787)
	at org.springframework.beans.factory.annotation.AutowiredAnnotationBeanPostProcessor$AutowiredFieldElement.inject(AutowiredAnnotationBeanPostProcessor.java:767)
	at org.springframework.beans.factory.annotation.InjectionMetadata.inject(InjectionMetadata.java:146)
	at org.springframework.beans.factory.annotation.AutowiredAnnotationBeanPostProcessor.postProcessProperties(AutowiredAnnotationBeanPostProcessor.java:509)
	at org.springframework.beans.factory.support.AbstractAutowireCapableBeanFactory.populateBean(AbstractAutowireCapableBeanFactory.java:1459)
	at org.springframework.beans.factory.support.AbstractAutowireCapableBeanFactory.doCreateBean(AbstractAutowireCapableBeanFactory.java:606)
	at org.springframework.beans.factory.support.AbstractAutowireCapableBeanFactory.createBean(AbstractAutowireCapableBeanFactory.java:529)
	at org.springframework.beans.factory.support.AbstractBeanFactory.lambda$doGetBean$0(AbstractBeanFactory.java:339)
	at org.springframework.beans.factory.support.DefaultSingletonBeanRegistry.getSingleton(DefaultSingletonBeanRegistry.java:373)
	at org.springframework.beans.factory.support.AbstractBeanFactory.doGetBean(AbstractBeanFactory.java:337)
	at org.springframework.beans.factory.support.AbstractBeanFactory.getBean(AbstractBeanFactory.java:202)
	at org.springframework.beans.factory.support.DefaultListableBeanFactory.instantiateSingleton(DefaultListableBeanFactory.java:1228)
	at org.springframework.beans.factory.support.DefaultListableBeanFactory.preInstantiateSingleton(DefaultListableBeanFactory.java:1194)
	at org.springframework.beans.factory.support.DefaultListableBeanFactory.preInstantiateSingletons(DefaultListableBeanFactory.java:1130)
	at org.springframework.context.support.AbstractApplicationContext.finishBeanFactoryInitialization(AbstractApplicationContext.java:990)
	at org.springframework.context.support.AbstractApplicationContext.refresh(AbstractApplicationContext.java:627)
	at org.springframework.boot.web.servlet.context.ServletWebServerApplicationContext.refresh(ServletWebServerApplicationContext.java:146)
	at org.springframework.boot.SpringApplication.refresh(SpringApplication.java:752)
	at org.springframework.boot.SpringApplication.refreshContext(SpringApplication.java:439)
	at org.springframework.boot.SpringApplication.run(SpringApplication.java:318)
	at org.springframework.boot.SpringApplication.run(SpringApplication.java:1361)
	at org.springframework.boot.SpringApplication.run(SpringApplication.java:1350)
	at com.example.computerassociation.ComputerAssociationApplication.main(ComputerAssociationApplication.java:13)
Caused by: org.springframework.beans.factory.UnsatisfiedDependencyException: Error creating bean with name 'userServiceImpl': Unsatisfied dependency expressed through field 'baseMapper': Error creating bean with name 'userMapper' defined in file [C:\Users\18065\Downloads\fgs2026-01-24-service\target\classes\com\example\computerassociation\mapper\UserMapper.class]: Unsatisfied dependency expressed through bean property 'sqlSessionTemplate': Error creating bean with name 'liquibase' defined in class path resource [org/springframework/boot/autoconfigure/liquibase/LiquibaseAutoConfiguration$LiquibaseConfiguration.class]: liquibase.exception.CommandExecutionException: liquibase.exception.ValidationFailedException: Validation Failed:
     1 changes have validation failures
          The file ../../sql/Users.sql was not found in the configured search path:
    - Spring classpath
More locations can be added with the 'searchPath' parameter., db/changelog/db.changelog-1.0.xml::1.0::developer

	at org.springframework.beans.factory.annotation.AutowiredAnnotationBeanPostProcessor$AutowiredFieldElement.resolveFieldValue(AutowiredAnnotationBeanPostProcessor.java:787)
	at org.springframework.beans.factory.annotation.AutowiredAnnotationBeanPostProcessor$AutowiredFieldElement.inject(AutowiredAnnotationBeanPostProcessor.java:767)
	at org.springframework.beans.factory.annotation.InjectionMetadata.inject(InjectionMetadata.java:146)
	at org.springframework.beans.factory.annotation.AutowiredAnnotationBeanPostProcessor.postProcessProperties(AutowiredAnnotationBeanPostProcessor.java:509)
	at org.springframework.beans.factory.support.AbstractAutowireCapableBeanFactory.populateBean(AbstractAutowireCapableBeanFactory.java:1459)
	at org.springframework.beans.factory.support.AbstractAutowireCapableBeanFactory.doCreateBean(AbstractAutowireCapableBeanFactory.java:606)
	at org.springframework.beans.factory.support.AbstractAutowireCapableBeanFactory.createBean(AbstractAutowireCapableBeanFactory.java:529)
	at org.springframework.beans.factory.support.AbstractBeanFactory.lambda$doGetBean$0(AbstractBeanFactory.java:339)
	at org.springframework.beans.factory.support.DefaultSingletonBeanRegistry.getSingleton(DefaultSingletonBeanRegistry.java:373)
	at org.springframework.beans.factory.support.AbstractBeanFactory.doGetBean(AbstractBeanFactory.java:337)
	at org.springframework.beans.factory.support.AbstractBeanFactory.getBean(AbstractBeanFactory.java:202)
	at org.springframework.beans.factory.config.DependencyDescriptor.resolveCandidate(DependencyDescriptor.java:254)
	at org.springframework.beans.factory.support.DefaultListableBeanFactory.doResolveDependency(DefaultListableBeanFactory.java:1770)
	at org.springframework.beans.factory.support.DefaultListableBeanFactory.resolveDependency(DefaultListableBeanFactory.java:1653)
	at org.springframework.beans.factory.annotation.AutowiredAnnotationBeanPostProcessor$AutowiredFieldElement.resolveFieldValue(AutowiredAnnotationBeanPostProcessor.java:784)
	... 22 common frames omitted
Caused by: org.springframework.beans.factory.UnsatisfiedDependencyException: Error creating bean with name 'userMapper' defined in file [C:\Users\18065\Downloads\fgs2026-01-24-service\target\classes\com\example\computerassociation\mapper\UserMapper.class]: Unsatisfied dependency expressed through bean property 'sqlSessionTemplate': Error creating bean with name 'liquibase' defined in class path resource [org/springframework/boot/autoconfigure/liquibase/LiquibaseAutoConfiguration$LiquibaseConfiguration.class]: liquibase.exception.CommandExecutionException: liquibase.exception.ValidationFailedException: Validation Failed:
     1 changes have validation failures
          The file ../../sql/Users.sql was not found in the configured search path:
    - Spring classpath
More locations can be added with the 'searchPath' parameter., db/changelog/db.changelog-1.0.xml::1.0::developer

	at org.springframework.beans.factory.support.AbstractAutowireCapableBeanFactory.autowireByType(AbstractAutowireCapableBeanFactory.java:1556)
	at org.springframework.beans.factory.support.AbstractAutowireCapableBeanFactory.populateBean(AbstractAutowireCapableBeanFactory.java:1450)
	at org.springframework.beans.factory.support.AbstractAutowireCapableBeanFactory.doCreateBean(AbstractAutowireCapableBeanFactory.java:606)
	at org.springframework.beans.factory.support.AbstractAutowireCapableBeanFactory.createBean(AbstractAutowireCapableBeanFactory.java:529)
	at org.springframework.beans.factory.support.AbstractBeanFactory.lambda$doGetBean$0(AbstractBeanFactory.java:339)
	at org.springframework.beans.factory.support.DefaultSingletonBeanRegistry.getSingleton(DefaultSingletonBeanRegistry.java:373)
	at org.springframework.beans.factory.support.AbstractBeanFactory.doGetBean(AbstractBeanFactory.java:337)
	at org.springframework.beans.factory.support.AbstractBeanFactory.getBean(AbstractBeanFactory.java:202)
	at org.springframework.beans.factory.config.DependencyDescriptor.resolveCandidate(DependencyDescriptor.java:254)
	at org.springframework.beans.factory.support.DefaultListableBeanFactory.doResolveDependency(DefaultListableBeanFactory.java:1770)
	at org.springframework.beans.factory.support.DefaultListableBeanFactory.resolveDependency(DefaultListableBeanFactory.java:1653)
	at org.springframework.beans.factory.annotation.AutowiredAnnotationBeanPostProcessor$AutowiredFieldElement.resolveFieldValue(AutowiredAnnotationBeanPostProcessor.java:784)
	... 36 common frames omitted
Caused by: org.springframework.beans.factory.BeanCreationException: Error creating bean with name 'liquibase' defined in class path resource [org/springframework/boot/autoconfigure/liquibase/LiquibaseAutoConfiguration$LiquibaseConfiguration.class]: liquibase.exception.CommandExecutionException: liquibase.exception.ValidationFailedException: Validation Failed:
     1 changes have validation failures
          The file ../../sql/Users.sql was not found in the configured search path:
    - Spring classpath
More locations can be added with the 'searchPath' parameter., db/changelog/db.changelog-1.0.xml::1.0::developer

	at org.springframework.beans.factory.support.AbstractAutowireCapableBeanFactory.initializeBean(AbstractAutowireCapableBeanFactory.java:1826)
	at org.springframework.beans.factory.support.AbstractAutowireCapableBeanFactory.doCreateBean(AbstractAutowireCapableBeanFactory.java:607)
	at org.springframework.beans.factory.support.AbstractAutowireCapableBeanFactory.createBean(AbstractAutowireCapableBeanFactory.java:529)
	at org.springframework.beans.factory.support.AbstractBeanFactory.lambda$doGetBean$0(AbstractBeanFactory.java:339)
	at org.springframework.beans.factory.support.DefaultSingletonBeanRegistry.getSingleton(DefaultSingletonBeanRegistry.java:373)
	at org.springframework.beans.factory.support.AbstractBeanFactory.doGetBean(AbstractBeanFactory.java:337)
	at org.springframework.beans.factory.support.AbstractBeanFactory.getBean(AbstractBeanFactory.java:202)
	at org.springframework.beans.factory.support.AbstractBeanFactory.doGetBean(AbstractBeanFactory.java:315)
	at org.springframework.beans.factory.support.AbstractBeanFactory.getBean(AbstractBeanFactory.java:202)
	at org.springframework.beans.factory.config.DependencyDescriptor.resolveCandidate(DependencyDescriptor.java:254)
	at org.springframework.beans.factory.support.DefaultListableBeanFactory.doResolveDependency(DefaultListableBeanFactory.java:1770)
	at org.springframework.beans.factory.support.DefaultListableBeanFactory.resolveDependency(DefaultListableBeanFactory.java:1653)
	at org.springframework.beans.factory.support.AbstractAutowireCapableBeanFactory.autowireByType(AbstractAutowireCapableBeanFactory.java:1541)
	... 47 common frames omitted
Caused by: liquibase.exception.LiquibaseException: liquibase.exception.CommandExecutionException: liquibase.exception.ValidationFailedException: Validation Failed:
     1 changes have validation failures
          The file ../../sql/Users.sql was not found in the configured search path:
    - Spring classpath
More locations can be added with the 'searchPath' parameter., db/changelog/db.changelog-1.0.xml::1.0::developer

	at liquibase.integration.spring.SpringLiquibase.afterPropertiesSet(SpringLiquibase.java:288)
	at org.springframework.beans.factory.support.AbstractAutowireCapableBeanFactory.invokeInitMethods(AbstractAutowireCapableBeanFactory.java:1873)
	at org.springframework.beans.factory.support.AbstractAutowireCapableBeanFactory.initializeBean(AbstractAutowireCapableBeanFactory.java:1822)
	... 59 common frames omitted
Caused by: liquibase.exception.CommandExecutionException: liquibase.exception.ValidationFailedException: Validation Failed:
     1 changes have validation failures
          The file ../../sql/Users.sql was not found in the configured search path:
    - Spring classpath
More locations can be added with the 'searchPath' parameter., db/changelog/db.changelog-1.0.xml::1.0::developer

	at liquibase.command.CommandScope.lambda$execute$6(CommandScope.java:300)
	at liquibase.Scope.child(Scope.java:210)
	at liquibase.Scope.child(Scope.java:186)
	at liquibase.command.CommandScope.execute(CommandScope.java:241)
	at liquibase.Liquibase.lambda$update$0(Liquibase.java:216)
	at liquibase.Scope.lambda$child$0(Scope.java:201)
	at liquibase.Scope.child(Scope.java:210)
	at liquibase.Scope.child(Scope.java:200)
	at liquibase.Scope.child(Scope.java:179)
	at liquibase.Liquibase.runInScope(Liquibase.java:1333)
	at liquibase.Liquibase.update(Liquibase.java:205)
	at liquibase.Liquibase.update(Liquibase.java:188)
	at liquibase.integration.spring.SpringLiquibase.performUpdate(SpringLiquibase.java:326)
	at liquibase.integration.spring.SpringLiquibase.lambda$afterPropertiesSet$0(SpringLiquibase.java:278)
	at liquibase.Scope.lambda$child$0(Scope.java:201)
	at liquibase.Scope.child(Scope.java:210)
	at liquibase.Scope.child(Scope.java:200)
	at liquibase.Scope.child(Scope.java:179)
	at liquibase.integration.spring.SpringLiquibase.afterPropertiesSet(SpringLiquibase.java:271)
	... 61 common frames omitted
Caused by: liquibase.exception.ValidationFailedException: Validation Failed:
     1 changes have validation failures
          The file ../../sql/Users.sql was not found in the configured search path:
    - Spring classpath
More locations can be added with the 'searchPath' parameter., db/changelog/db.changelog-1.0.xml::1.0::developer

	at liquibase.changelog.DatabaseChangeLog.validate(DatabaseChangeLog.java:384)
	at liquibase.command.core.helpers.DatabaseChangelogCommandStep.run(DatabaseChangelogCommandStep.java:88)
	at liquibase.command.CommandScope.lambda$execute$6(CommandScope.java:253)
	... 79 common frames omitted
2026-02-06 01:35:13.705 [main] ERROR org.springframework.boot.SpringApplication - Application run failed
org.springframework.beans.factory.UnsatisfiedDependencyException: Error creating bean with name 'userController': Unsatisfied dependency expressed through field 'userService': Error creating bean with name 'userServiceImpl': Unsatisfied dependency expressed through field 'baseMapper': Error creating bean with name 'userMapper' defined in file [C:\Users\18065\Downloads\fgs2026-01-24-service\target\classes\com\example\computerassociation\mapper\UserMapper.class]: Unsatisfied dependency expressed through bean property 'sqlSessionTemplate': Error creating bean with name 'liquibase' defined in class path resource [org/springframework/boot/autoconfigure/liquibase/LiquibaseAutoConfiguration$LiquibaseConfiguration.class]: liquibase.exception.CommandExecutionException: liquibase.exception.LiquibaseException: java.lang.RuntimeException: liquibase.exception.UnexpectedLiquibaseException: java.io.FileNotFoundException: The file sql/Users.sql was not found in the configured search path:
    - Spring classpath
More locations can be added with the 'searchPath' parameter.
	at org.springframework.beans.factory.annotation.AutowiredAnnotationBeanPostProcessor$AutowiredFieldElement.resolveFieldValue(AutowiredAnnotationBeanPostProcessor.java:787)
	at org.springframework.beans.factory.annotation.AutowiredAnnotationBeanPostProcessor$AutowiredFieldElement.inject(AutowiredAnnotationBeanPostProcessor.java:767)
	at org.springframework.beans.factory.annotation.InjectionMetadata.inject(InjectionMetadata.java:146)
	at org.springframework.beans.factory.annotation.AutowiredAnnotationBeanPostProcessor.postProcessProperties(AutowiredAnnotationBeanPostProcessor.java:509)
	at org.springframework.beans.factory.support.AbstractAutowireCapableBeanFactory.populateBean(AbstractAutowireCapableBeanFactory.java:1459)
	at org.springframework.beans.factory.support.AbstractAutowireCapableBeanFactory.doCreateBean(AbstractAutowireCapableBeanFactory.java:606)
	at org.springframework.beans.factory.support.AbstractAutowireCapableBeanFactory.createBean(AbstractAutowireCapableBeanFactory.java:529)
	at org.springframework.beans.factory.support.AbstractBeanFactory.lambda$doGetBean$0(AbstractBeanFactory.java:339)
	at org.springframework.beans.factory.support.DefaultSingletonBeanRegistry.getSingleton(DefaultSingletonBeanRegistry.java:373)
	at org.springframework.beans.factory.support.AbstractBeanFactory.doGetBean(AbstractBeanFactory.java:337)
	at org.springframework.beans.factory.support.AbstractBeanFactory.getBean(AbstractBeanFactory.java:202)
	at org.springframework.beans.factory.support.DefaultListableBeanFactory.instantiateSingleton(DefaultListableBeanFactory.java:1228)
	at org.springframework.beans.factory.support.DefaultListableBeanFactory.preInstantiateSingleton(DefaultListableBeanFactory.java:1194)
	at org.springframework.beans.factory.support.DefaultListableBeanFactory.preInstantiateSingletons(DefaultListableBeanFactory.java:1130)
	at org.springframework.context.support.AbstractApplicationContext.finishBeanFactoryInitialization(AbstractApplicationContext.java:990)
	at org.springframework.context.support.AbstractApplicationContext.refresh(AbstractApplicationContext.java:627)
	at org.springframework.boot.web.servlet.context.ServletWebServerApplicationContext.refresh(ServletWebServerApplicationContext.java:146)
	at org.springframework.boot.SpringApplication.refresh(SpringApplication.java:752)
	at org.springframework.boot.SpringApplication.refreshContext(SpringApplication.java:439)
	at org.springframework.boot.SpringApplication.run(SpringApplication.java:318)
	at org.springframework.boot.SpringApplication.run(SpringApplication.java:1361)
	at org.springframework.boot.SpringApplication.run(SpringApplication.java:1350)
	at com.example.computerassociation.ComputerAssociationApplication.main(ComputerAssociationApplication.java:13)
Caused by: org.springframework.beans.factory.UnsatisfiedDependencyException: Error creating bean with name 'userServiceImpl': Unsatisfied dependency expressed through field 'baseMapper': Error creating bean with name 'userMapper' defined in file [C:\Users\18065\Downloads\fgs2026-01-24-service\target\classes\com\example\computerassociation\mapper\UserMapper.class]: Unsatisfied dependency expressed through bean property 'sqlSessionTemplate': Error creating bean with name 'liquibase' defined in class path resource [org/springframework/boot/autoconfigure/liquibase/LiquibaseAutoConfiguration$LiquibaseConfiguration.class]: liquibase.exception.CommandExecutionException: liquibase.exception.LiquibaseException: java.lang.RuntimeException: liquibase.exception.UnexpectedLiquibaseException: java.io.FileNotFoundException: The file sql/Users.sql was not found in the configured search path:
    - Spring classpath
More locations can be added with the 'searchPath' parameter.
	at org.springframework.beans.factory.annotation.AutowiredAnnotationBeanPostProcessor$AutowiredFieldElement.resolveFieldValue(AutowiredAnnotationBeanPostProcessor.java:787)
	at org.springframework.beans.factory.annotation.AutowiredAnnotationBeanPostProcessor$AutowiredFieldElement.inject(AutowiredAnnotationBeanPostProcessor.java:767)
	at org.springframework.beans.factory.annotation.InjectionMetadata.inject(InjectionMetadata.java:146)
	at org.springframework.beans.factory.annotation.AutowiredAnnotationBeanPostProcessor.postProcessProperties(AutowiredAnnotationBeanPostProcessor.java:509)
	at org.springframework.beans.factory.support.AbstractAutowireCapableBeanFactory.populateBean(AbstractAutowireCapableBeanFactory.java:1459)
	at org.springframework.beans.factory.support.AbstractAutowireCapableBeanFactory.doCreateBean(AbstractAutowireCapableBeanFactory.java:606)
	at org.springframework.beans.factory.support.AbstractAutowireCapableBeanFactory.createBean(AbstractAutowireCapableBeanFactory.java:529)
	at org.springframework.beans.factory.support.AbstractBeanFactory.lambda$doGetBean$0(AbstractBeanFactory.java:339)
	at org.springframework.beans.factory.support.DefaultSingletonBeanRegistry.getSingleton(DefaultSingletonBeanRegistry.java:373)
	at org.springframework.beans.factory.support.AbstractBeanFactory.doGetBean(AbstractBeanFactory.java:337)
	at org.springframework.beans.factory.support.AbstractBeanFactory.getBean(AbstractBeanFactory.java:202)
	at org.springframework.beans.factory.config.DependencyDescriptor.resolveCandidate(DependencyDescriptor.java:254)
	at org.springframework.beans.factory.support.DefaultListableBeanFactory.doResolveDependency(DefaultListableBeanFactory.java:1770)
	at org.springframework.beans.factory.support.DefaultListableBeanFactory.resolveDependency(DefaultListableBeanFactory.java:1653)
	at org.springframework.beans.factory.annotation.AutowiredAnnotationBeanPostProcessor$AutowiredFieldElement.resolveFieldValue(AutowiredAnnotationBeanPostProcessor.java:784)
	... 22 common frames omitted
Caused by: org.springframework.beans.factory.UnsatisfiedDependencyException: Error creating bean with name 'userMapper' defined in file [C:\Users\18065\Downloads\fgs2026-01-24-service\target\classes\com\example\computerassociation\mapper\UserMapper.class]: Unsatisfied dependency expressed through bean property 'sqlSessionTemplate': Error creating bean with name 'liquibase' defined in class path resource [org/springframework/boot/autoconfigure/liquibase/LiquibaseAutoConfiguration$LiquibaseConfiguration.class]: liquibase.exception.CommandExecutionException: liquibase.exception.LiquibaseException: java.lang.RuntimeException: liquibase.exception.UnexpectedLiquibaseException: java.io.FileNotFoundException: The file sql/Users.sql was not found in the configured search path:
    - Spring classpath
More locations can be added with the 'searchPath' parameter.
	at org.springframework.beans.factory.support.AbstractAutowireCapableBeanFactory.autowireByType(AbstractAutowireCapableBeanFactory.java:1556)
	at org.springframework.beans.factory.support.AbstractAutowireCapableBeanFactory.populateBean(AbstractAutowireCapableBeanFactory.java:1450)
	at org.springframework.beans.factory.support.AbstractAutowireCapableBeanFactory.doCreateBean(AbstractAutowireCapableBeanFactory.java:606)
	at org.springframework.beans.factory.support.AbstractAutowireCapableBeanFactory.createBean(AbstractAutowireCapableBeanFactory.java:529)
	at org.springframework.beans.factory.support.AbstractBeanFactory.lambda$doGetBean$0(AbstractBeanFactory.java:339)
	at org.springframework.beans.factory.support.DefaultSingletonBeanRegistry.getSingleton(DefaultSingletonBeanRegistry.java:373)
	at org.springframework.beans.factory.support.AbstractBeanFactory.doGetBean(AbstractBeanFactory.java:337)
	at org.springframework.beans.factory.support.AbstractBeanFactory.getBean(AbstractBeanFactory.java:202)
	at org.springframework.beans.factory.config.DependencyDescriptor.resolveCandidate(DependencyDescriptor.java:254)
	at org.springframework.beans.factory.support.DefaultListableBeanFactory.doResolveDependency(DefaultListableBeanFactory.java:1770)
	at org.springframework.beans.factory.support.DefaultListableBeanFactory.resolveDependency(DefaultListableBeanFactory.java:1653)
	at org.springframework.beans.factory.annotation.AutowiredAnnotationBeanPostProcessor$AutowiredFieldElement.resolveFieldValue(AutowiredAnnotationBeanPostProcessor.java:784)
	... 36 common frames omitted
Caused by: org.springframework.beans.factory.BeanCreationException: Error creating bean with name 'liquibase' defined in class path resource [org/springframework/boot/autoconfigure/liquibase/LiquibaseAutoConfiguration$LiquibaseConfiguration.class]: liquibase.exception.CommandExecutionException: liquibase.exception.LiquibaseException: java.lang.RuntimeException: liquibase.exception.UnexpectedLiquibaseException: java.io.FileNotFoundException: The file sql/Users.sql was not found in the configured search path:
    - Spring classpath
More locations can be added with the 'searchPath' parameter.
	at org.springframework.beans.factory.support.AbstractAutowireCapableBeanFactory.initializeBean(AbstractAutowireCapableBeanFactory.java:1826)
	at org.springframework.beans.factory.support.AbstractAutowireCapableBeanFactory.doCreateBean(AbstractAutowireCapableBeanFactory.java:607)
	at org.springframework.beans.factory.support.AbstractAutowireCapableBeanFactory.createBean(AbstractAutowireCapableBeanFactory.java:529)
	at org.springframework.beans.factory.support.AbstractBeanFactory.lambda$doGetBean$0(AbstractBeanFactory.java:339)
	at org.springframework.beans.factory.support.DefaultSingletonBeanRegistry.getSingleton(DefaultSingletonBeanRegistry.java:373)
	at org.springframework.beans.factory.support.AbstractBeanFactory.doGetBean(AbstractBeanFactory.java:337)
	at org.springframework.beans.factory.support.AbstractBeanFactory.getBean(AbstractBeanFactory.java:202)
	at org.springframework.beans.factory.support.AbstractBeanFactory.doGetBean(AbstractBeanFactory.java:315)
	at org.springframework.beans.factory.support.AbstractBeanFactory.getBean(AbstractBeanFactory.java:202)
	at org.springframework.beans.factory.config.DependencyDescriptor.resolveCandidate(DependencyDescriptor.java:254)
	at org.springframework.beans.factory.support.DefaultListableBeanFactory.doResolveDependency(DefaultListableBeanFactory.java:1770)
	at org.springframework.beans.factory.support.DefaultListableBeanFactory.resolveDependency(DefaultListableBeanFactory.java:1653)
	at org.springframework.beans.factory.support.AbstractAutowireCapableBeanFactory.autowireByType(AbstractAutowireCapableBeanFactory.java:1541)
	... 47 common frames omitted
Caused by: liquibase.exception.LiquibaseException: liquibase.exception.CommandExecutionException: liquibase.exception.LiquibaseException: java.lang.RuntimeException: liquibase.exception.UnexpectedLiquibaseException: java.io.FileNotFoundException: The file sql/Users.sql was not found in the configured search path:
    - Spring classpath
More locations can be added with the 'searchPath' parameter.
	at liquibase.integration.spring.SpringLiquibase.afterPropertiesSet(SpringLiquibase.java:288)
	at org.springframework.beans.factory.support.AbstractAutowireCapableBeanFactory.invokeInitMethods(AbstractAutowireCapableBeanFactory.java:1873)
	at org.springframework.beans.factory.support.AbstractAutowireCapableBeanFactory.initializeBean(AbstractAutowireCapableBeanFactory.java:1822)
	... 59 common frames omitted
Caused by: liquibase.exception.CommandExecutionException: liquibase.exception.LiquibaseException: java.lang.RuntimeException: liquibase.exception.UnexpectedLiquibaseException: java.io.FileNotFoundException: The file sql/Users.sql was not found in the configured search path:
    - Spring classpath
More locations can be added with the 'searchPath' parameter.
	at liquibase.command.CommandScope.lambda$execute$6(CommandScope.java:300)
	at liquibase.Scope.child(Scope.java:210)
	at liquibase.Scope.child(Scope.java:186)
	at liquibase.command.CommandScope.execute(CommandScope.java:241)
	at liquibase.Liquibase.lambda$update$0(Liquibase.java:216)
	at liquibase.Scope.lambda$child$0(Scope.java:201)
	at liquibase.Scope.child(Scope.java:210)
	at liquibase.Scope.child(Scope.java:200)
	at liquibase.Scope.child(Scope.java:179)
	at liquibase.Liquibase.runInScope(Liquibase.java:1333)
	at liquibase.Liquibase.update(Liquibase.java:205)
	at liquibase.Liquibase.update(Liquibase.java:188)
	at liquibase.integration.spring.SpringLiquibase.performUpdate(SpringLiquibase.java:326)
	at liquibase.integration.spring.SpringLiquibase.lambda$afterPropertiesSet$0(SpringLiquibase.java:278)
	at liquibase.Scope.lambda$child$0(Scope.java:201)
	at liquibase.Scope.child(Scope.java:210)
	at liquibase.Scope.child(Scope.java:200)
	at liquibase.Scope.child(Scope.java:179)
	at liquibase.integration.spring.SpringLiquibase.afterPropertiesSet(SpringLiquibase.java:271)
	... 61 common frames omitted
Caused by: liquibase.exception.LiquibaseException: java.lang.RuntimeException: liquibase.exception.UnexpectedLiquibaseException: java.io.FileNotFoundException: The file sql/Users.sql was not found in the configured search path:
    - Spring classpath
More locations can be added with the 'searchPath' parameter.
	at liquibase.changelog.ChangeLogIterator.run(ChangeLogIterator.java:155)
	at liquibase.changelog.DatabaseChangeLog.validate(DatabaseChangeLog.java:372)
	at liquibase.command.core.helpers.DatabaseChangelogCommandStep.run(DatabaseChangelogCommandStep.java:88)
	at liquibase.command.CommandScope.lambda$execute$6(CommandScope.java:253)
	... 79 common frames omitted
Caused by: java.lang.RuntimeException: liquibase.exception.UnexpectedLiquibaseException: java.io.FileNotFoundException: The file sql/Users.sql was not found in the configured search path:
    - Spring classpath
More locations can be added with the 'searchPath' parameter.
	at liquibase.changelog.ChangeSet.generateCheckSum(ChangeSet.java:421)
	at liquibase.changelog.ChangeSet.isCheckSumValid(ChangeSet.java:1349)
	at liquibase.changelog.visitor.ValidatingVisitor.visit(ValidatingVisitor.java:125)
	at liquibase.changelog.ChangeLogIterator.lambda$run$0(ChangeLogIterator.java:133)
	at liquibase.Scope.lambda$child$0(Scope.java:201)
	at liquibase.Scope.child(Scope.java:210)
	at liquibase.Scope.child(Scope.java:200)
	at liquibase.Scope.child(Scope.java:179)
	at liquibase.changelog.ChangeLogIterator.lambda$run$1(ChangeLogIterator.java:122)
	at liquibase.Scope.lambda$child$0(Scope.java:201)
	at liquibase.Scope.child(Scope.java:210)
	at liquibase.Scope.child(Scope.java:200)
	at liquibase.Scope.child(Scope.java:179)
	at liquibase.Scope.child(Scope.java:267)
	at liquibase.Scope.child(Scope.java:271)
	at liquibase.changelog.ChangeLogIterator.run(ChangeLogIterator.java:91)
	... 82 common frames omitted
Caused by: liquibase.exception.UnexpectedLiquibaseException: java.io.FileNotFoundException: The file sql/Users.sql was not found in the configured search path:
    - Spring classpath
More locations can be added with the 'searchPath' parameter.
	at liquibase.change.core.SQLFileChange.getSql(SQLFileChange.java:177)
	at liquibase.change.core.SQLFileChange.generateCheckSum(SQLFileChange.java:213)
	at liquibase.changelog.ChangeSet.lambda$generateCheckSum$0(ChangeSet.java:408)
	at liquibase.Scope.child(Scope.java:210)
	at liquibase.Scope.child(Scope.java:186)
	at liquibase.changelog.ChangeSet.generateCheckSum(ChangeSet.java:399)
	... 97 common frames omitted
Caused by: java.io.FileNotFoundException: The file sql/Users.sql was not found in the configured search path:
    - Spring classpath
More locations can be added with the 'searchPath' parameter.
	at liquibase.resource.ResourceAccessor.getExisting(ResourceAccessor.java:222)
	at liquibase.change.core.SQLFileChange.getResource(SQLFileChange.java:115)
	at liquibase.change.core.SQLFileChange.openSqlStream(SQLFileChange.java:107)
	at liquibase.change.core.SQLFileChange.getSql(SQLFileChange.java:164)
	... 102 common frames omitted
